"Date","Aevo","ApeX","Avantis","Bluefin","Drift Protocol","dYdX v3","dYdX v4","GMX","Holdstation","Hyperliquid","Jupiter","KTX Finance","Level Finance","Mux Protocol","Perpetual Protocol","RabbitX","Synthetix","Vertex Protocol"
"01-Jan-25","4655810.847698161","463133691.7729","2951409.609016035","135137505.96388","72071522.943769","95131774.7708","95131774.7708","102079205.60494258","162748367.61","2157256818.4377623","348990507.590199","1288.0836810283104","933608.2004249002","868999.9473275109","59175.00458577224","54172454.302479","8439737.391710829","30721821.75813749"
"02-Jan-25","10690037.684398942","579100486.18521","4953558.166929856","252251034.34757","185499167.55405807","218971353.84633702","218971353.84633702","171782962.95510995","162378023.2","3645816158.6322737","770919280.378141","8218.808450773196","688402.4375069491","3441425.3669809652","138918.1216291414","46728878.119719","12745157.44764216","46396916.92678617"
"03-Jan-25","7033373.850956803","520694956.145495","6746310.273069263","254157119.58898002","168572291.73140088","259376095.4674","259376095.4674","156094703.00817037","128054012.25","3573160271.3992486","673585759.12822","1394.8896772356702","414584.717891341","2501078.7608118565","120066.5539466077","43667721.153989","15513547.92688143","35946174.24570229"
"04-Jan-25","6579437.991182337","476675446.32653","6935479.453944798","101362420.96165","80857117.738124","133040185.0428","133040185.0428","183679319.2187093","164843707.3","2506267603.4236145","354740247.449734","4511.653499722211","1742877.8507188305","1888256.0699925204","118143.0970503507","37771232.286711","17807544.39995884","22691878.89257467"
"05-Jan-25","7559922.060790715","475644784.35763997","3702094.44098431","85422231.4229","88615764.810612","96798905.741","96798905.741","99734329.58414261","163865684.25","2149149006.151283","405272827.726439","0","26113.93313726721","1052779.9448906835","111374.9975565908","36906731.231211","14675862.08418046","18407722.777192395"
"06-Jan-25","9597890.414671803","590730658.66605","7418185.90207909","160182754.60189","123163600.05821702","330332453.009224","330332453.009224","209766108.73155352","","4404918704.098359","729314641.276276","782.4160947288939","543191.928566596","3620602.614563384","169527.5724924447","45483238.149647","18223453.25438688","47764026.02428771"
"07-Jan-25","13513913.374883624","687876742.361105","11015383.63154642","207796774.07365","172391054.414761","455388273.346329","455388273.346329","287951994.73910767","165812817.53","7004545546.809593","977911525.67069","1646.0180865173465","877994.3632467579","7164574.490370469","234196.390648579","56343719.447176","24305233.16474221","77209958.81064573"
"08-Jan-25","16935210.78468735","564925568.70241","8311731.419823209","276496258.61402","243122720.8763382","474702446.1057","474702446.1057","365146944.46269464","166776706.04","6019784666.991274","1005914486.145417","7814.430931523305","1944834.629243519","9061468.087043313","183646.8887369536","23713707.288576","21050814.34745948","65007910.20097858"
"09-Jan-25","13130620.725840632","507382154.12180495","7540824.711385225","266974079.74936","163229703.222122","430792252.6205","430792252.6205","268088724.7833466","166931701.24","7123327274.1261215","1117598234.207502","3502.5592062461096","705590.6062790214","11743631.664306736","144280.3933529137","40563097.439175","24962207.13616919","63687224.81197281"
"10-Jan-25","11824290.478140313","474951620.079015","8613146.905409535","260772438.92378","173761497.62760898","405774213.9797","405774213.9797","208183237.87850398","168143725.84","5110006119.872232","620228636.727924","1789.2726255183243","1154399.7033088629","3866055.2715525203","111115.4594048904","41149783.644946","13661724.52129034","61651853.06738395"
"11-Jan-25","4519314.6671240125","408749037.635145","3311758.161151448","178782950.63386","62530710.41931901","87845033.409452","87845033.409452","126868932.66197537","166482861.73","1975220110.645682","284705675.702309","2409.8012552067817","443780.15587621887","1251442.6122646295","36236.8532581164","28591776.357196998","7052499.337239683","23858274.467410196"
"12-Jan-25","4506706.896552272","408925521.538565","4510170.467590713","195565059.01858","36468720.644538","129837310.38579999","129837310.38579999","86091817.13757454","168891579.71","1868823313.5228202","258883278.854751","2234.658330275697","123308.05885470664","906650.7647232511","34618.19906044566","33456607.568622","3458702.737467365","24827032.854966637"
"13-Jan-25","18765309.78027003","509044474.77155995","10863324.68805936","379250891.80364","213793456.14446703","482801407.667232","482801407.667232","315946087.03233343","169449105.27","7614889367.896159","1407635268.051144","2521.563907964908","1244889.4832150962","5653393.6279387195","171493.4125653451","53236611.199733","23591099.3851677","112169867.23671882"
"14-Jan-25","11508790.131845087","436421338.849975","10165319.18705796","187283005.59356","98390130.32128996","206042713.9797","206042713.9797","206000086.29593718","179612177.42","4164534612.20566","536957148.611414","0","868799.8893969178","791579.5739494825","66631.79355291826","41604868.015178","13420727.57168073","64460579.50491691"
"15-Jan-25","14338506.318798317","490419425.321895","14577681.865659","216546344.53107","118751284.02954596","327813892.6612","327813892.6612","215488844.35480562","170594329.11","5315407561.347313","778233962.193881","0","279921.1941096185","4263386.849527411","117654.2839180738","49031271.641138","30683116.11615121","64637126.37825267"
"16-Jan-25","15430911.77201101","494823139.43368","14327848.97417537","226046267.21683","154831992.68562302","376040468.9507","376040468.9507","243016157.5728385","169368268.14","5713611240.033681","997055836.259741","0","1427884.0692297847","3609302.762319409","170293.5299176324","49570282.935778","28113399.81985416","71169504.37510566"
"17-Jan-25","12926173.00138248","502402260.121495","27901446.97319638","189328972.17670998","244011556.780406","483788241.1234","483788241.1234","177627275.5614365","171486096.4","5461277249.166444","1210850427.576235","613.1038629151469","4031063.6875219056","6025962.4862313615","146203.6280668479","48662181.107498996","45671903.90127648","71995131.38669117"
"18-Jan-25","23080654.92400766","512373893.25562996","14436290.46411478","167483532.47683","388692442.60870886","451957248.320552","451957248.320552","291894896.5878978","170008599.43","9678960134.805159","2517802841.911759","655.8496596335129","690490.7566362191","1366114.9469755928","179085.8964142461","52068539.597727","45158297.82007767","97583847.46622857"
"19-Jan-25","72860911.53897306","643338146.5060949","20636976.64695955","226782564.78474003","451582098.10537386","745601350.160166","745601350.160166","497196337.30764645","172908446.49","17750219553.230007","2861010198.816096","32018.428111000063","1091678.2754223777","12218929.35118915","402339.6633930743","77302936.794385","64637554.6573102","136067315.72767562"
"20-Jan-25","48481349.63576011","884276119.610255","30776229.05316191","268675071.11678004","323921900.332425","902567292.3107","902567292.3107","767581568.0004021","173219599.16","16339004971.724977","2594973415.840183","43344.065648465425","1526832.332647137","18575644.762222495","490862.5624540158","71265820.644191","40617952.30263258","189506151.19424888"
"21-Jan-25","19562077.290288094","507286893.82615995","13514694.49145216","273421432.62394","178229811.381838","447918689.0283","447918689.0283","379198585.98635197","173121202.32","8341944948.310148","1552916777.307457","159167.4007219987","855368.3604305416","21382886.378886092","139502.7065470099","23333010.229102","30522085.92458389","77927921.66357042"
"22-Jan-25","16474596.217155756","433730229.170905","11780426.94081705","242396267.77559","172696197.242391","259564819.341924","259564819.341924","293455575.4909828","174925703.41","5281551150.558709","1425194598.33588","4303.382467705683","454361.0169402588","3331781.4813231686","80048.06411572866","18571801.007604","17595584.68163449","47182071.97507871"
"23-Jan-25","17854512.83190337","639641691.2666199","15703576.582835","291455228.71557","255879763.9741461","477780940.3529","477780940.3529","532364813.17461115","174986423.22","11321580803.33587","2458380576.834018","506342.4411455799","6742.146137039133","14386700.276673986","181660.1988429717","20059963.937776","40190083.0119151","91619725.66122341"
"24-Jan-25","12454798.173582451","437492524.431825","26281592.22023815","217063442.57825002","164810772.0501449","263595383.440057","263595383.440057","511119150.6309311","","5784731819.255756","1530677988.184672","87857.47321832714","37052.743016249864","3025122.7432709318","153561.7574692209","19836360.712793","23804364.90088098","45748106.05356771"
"25-Jan-25","5850625.581257717","401660247.35366","5602637.652502968","160032938.62309998","89361595.00310999","128912827.5201","128912827.5201","130445425.88725312","177910081.37","3516728432.2845488","526904044.4502","1143.8907151892981","121781.1391033604","1280996.4213023935","51573.9917528574","18658810.442253","13624550.81050026","18917448.962721385"
"26-Jan-25","6119641.289700029","379762995.34807","4530056.823474803","150403635.31388998","119700281.86386499","140965578.7331","140965578.7331","295076562.94611025","176391629.24","3597386932.8570924","646406396.417829","235.47638157191997","218.9178439038419","658234.435469056","33232.39288405352","19569012.822851","11434518.39197747","19077569.331922345"
"27-Jan-25","17849584.79313862","500413556.402055","11366263.7037638","248566125.49951","288165511.12600297","520308888.450992","520308888.450992","555082199.0876225","178592935.31","10972896197.405","1460250146.868723","2388.0314415117696","1660217.5698755328","4351400.303397139","191973.1582359603","20084667.742902","58610753.5171136","71298301.51976743"
"28-Jan-25","7154452.360824645","420265804.839785","8469011.878223868","267923420.02816004","186093421.55169398","260812952.5477","260812952.5477","473094652.67100614","162084344.06","6689142362.727283","750545922.165327","18.352308197140093","820993.42386549","3636663.5067456285","87574.0363182497","20186798.124259","26368641.28501053","36457055.01006636"
"29-Jan-25","7929926.528359824","436950617.77379","17929643.20903729","164445671.64488003","138433511.071475","269191813.1272","269191813.1272","313073802.1560345","177999027.79","7487288904.76308","861054122.787219","385.1349579835902","5498.588736481358","2390779.5036834073","124245.9622437065","21009282.817862","21174837.41918026","44932508.57377648"
"30-Jan-25","8663600.589045526","398100072.97135","10722754.78537364","65418340.395449996","101341591.68234801","290242624.839","290242624.839","429967852.797469","180079069.75","5319626690.767007","684926962.261276","17.505626392978865","142902.07605964888","14373779.305719603","57784.15785487576","20241410.246953998","24710112.92901385","40943340.59973776"
"31-Jan-25","7899788.190415391","406973998.4675","12184759.5119452","139318021.27105","159649153.361297","299331004.9845","299331004.9845","760459509.4303409","179770801.64","7089116487.055542","698322558.056693","633.7407540065244","843002.7555299276","3120437.061048096","151921.6843776429","19983984.426459","19399675.02994549","47773772.420857914"
"01-Feb-25","8250145.44195149","384745683.229555","9599200.193631105","147458510.17691","128402296.71615295","202273766.113053","202273766.113053","423533700.9844287","106733315.49","5335486362.652504","692952662.593284","1472.7599113563624","979401.039299165","1682874.1215436358","129128.3525704778","18204608.149284","16732726.05200648","28700866.630234174"
"02-Feb-25","23836261.940253872","502744995.735515","9612287.420226682","173691356.65522","315778974.315336","503079615.63820004","503079615.63820004","620496128.857463","105258575.27","9044821753.934435","1390755256.980851","7942.809910911121","894783.0547674428","6917190.493230725","333299.794086005","","44053605.33952708","65248610.37876257"
"03-Feb-25","36465752.24069546","987568487.858245","10942690.77810495","194531375.75847","330995791.726618","1287920541.67","1287920541.67","788357193.8798277","105224214.67","18072547242.341385","1900960426.284099","201300.1191952099","3153920.539216178","5764894.984461403","968365.7900681036","24608152.347107","95436984.91100955","169712674.29789275"
"04-Feb-25","16052184.17885134","510312731.06997496","6706277.217856577","111886433.4629","213368325.98005196","521300903.5001","521300903.5001","864135667.0996184","109038168.27","10231406265.734413","1252697273.581236","347280.83736728557","1822772.9249519736","11167114.093962733","233626.9848651221","24482594.655274","53077029.28937149","65263616.18773051"
"05-Feb-25","8543587.680487059","389485933.542745","6489934.249508221","82231338.93367","125836319.277994","239634971.9363","239634971.9363","714596741.273594","104352626.07","5694608355.764646","576020481.218181","115929.06675123247","68153.22724919679","12589895.72315393","124760.0493438051","21215213.221118","36014379.84196188","35738555.88856672"
"06-Feb-25","14130045.52010307","394331322.849145","8762220.096732816","100838835.19608","121479777.05250698","234553998.537668","234553998.537668","579458770.1997069","105669357.55","5904659695.476219","647938021.007201","196591.6444273437","270621.91298605496","22587246.877221223","125552.1909786097","19851396.80601","39021394.21910652","48181460.941635266"
"07-Feb-25","14148530.433177205","520498545.55282","10787482.25357852","104990197.48388","135597736.30721107","295630312.216","295630312.216","416013979.7342819","101782197.33","6189394336.936545","673110382.873914","287277.38104311307","18712.252398477594","13292371.9837477","157890.1227556332","17616611.534728","46691197.5002231","44893753.809176266"
"08-Feb-25","9222355.212184926","337100582.14474","3740747.332712741","106167833.86957","87713090.87086602","110730787.436265","110730787.436265","87872217.59352726","95499968.47","3006719558.7185035","350630365.154102","384405.1343524625","242360.8295260033","7784835.851551067","128130.4044110589","17234532.877531","22561730.86614145","23341699.72111712"
"09-Feb-25","12199909.899260607","365662354.05546004","8030111.253425914","130054361.14197999","103616745.99793","156971319.780653","156971319.780653","429454333.12759954","94708204.61","3754601891.222579","521905374.348879","560980.8558448743","200812.1992614223","4568582.852746393","57718.53896359647","17792211.937638998","19140561.40222406","28634670.01769759"
"10-Feb-25","11163760.792439785","396237196.4572","9269710.7428825","120401404.09985001","103453081.55442199","187619311.98110798","187619311.98110798","413044362.1994288","94801815.41","5178632081.239136","452875733.209169","200427.05037997526","331058.6956591348","6486459.779629025","77485.7717468827","18364145.370705","22199856.23122856","36231217.92524813"
"11-Feb-25","58164546.763150156","361635588.69089997","9457564.227366151","97948241.3431","125396682.477251","197473992.842742","197473992.842742","533278911.0249646","98455224.84","6593863802.849255","441409922.952027","299100.29228388134","554892.9437897537","25157423.27753375","70475.96402997184","17836115.218755998","31912808.65337425","36638437.19337794"
"12-Feb-25","26839372.385728516","340301155.4244","19344174.6747298","95399950.77105","102657870.62855497","251534195.573796","251534195.573796","344797123.60189575","97961860.95","7575580365.846412","572063665.894093","236990.52120435738","552282.7617996063","8633228.315767119","116043.1070545574","18254704.572324","29937097.67710737","44524629.79101218"
"13-Feb-25","11267446.133528372","312766646.80131","12539924.22960053","75068069.61569","74900780.00400099","116207999.427855","116207999.427855","359883587.2448875","97643364.71","5121162003.887243","319816489.693215","403.0224973382787","1036997.7979822803","1294190.102611638","67889.86040566023","18499147.023652","19065665.49183074","45463571.12093908"
"14-Feb-25","11183946.223188436","331107917.14304","14915059.95430886","88760522.25967","96432423.48976101","140774876.309055","140774876.309055","381506627.8355884","81328386.42","5071294403.581391","388575517.85485","0","386244.26272169355","764756.6119545881","62334.62310401413","18619941.406677","32495561.87247043","35326676.52690221"
"15-Feb-25","7561210.335266107","350298606.74750996","4897620.865505972","90978798.68910001","72208328.398834","60451531.1772","60451531.1772","84419322.62188822","77114262.02","2569566270.959481","190020094.172909","675.9117371913926","75096.68238285989","479334.95751467894","23866.64978341072","17742280.670578","19381996.57153456","17035513.807139374"
"16-Feb-25","7797436.025063708","341762086.729635","6126911.159475707","83670226.14623","59097502.47390804","105028736.6146","105028736.6146","81055393.34503138","77135578.37","2576463334.9181585","251715542.702319","1192.5362296880533","117246.8043118292","5180760.581512986","32466.86607484534","24130110.050888","8423098.666632066","16105401.111635493"
"17-Feb-25","16144889.252794778","373629794.58235","12067184.40339285","99357340.32875","139894187.327483","132750210.07931699","132750210.07931699","154434200.05232322","76831987.47","5049366130.654166","554766150.923175","443.53966106721913","609299.4889397839","35125418.45324553","69434.52763384751","47739516.100304","26348373.39548869","41068813.34929123"
"18-Feb-25","15571390.023744093","378716476.67762","8373457.121448914","100043841.70446","202126411.62558","174761374.371093","174761374.371093","209465178.57682618","76658162.29","6787245917.892001","759594003.674807","4284.964849479336","1056226.336347714","6514337.957307043","79829.73778538674","50536736.571614","32412553.67060959","34518701.85919808"
"19-Feb-25","8442869.824529283","338061723.012305","8515785.82354777","86104816.54795","114567659.52242596","116625351.85440001","116625351.85440001","111219875.15558137","80185207.03","3901859790.8559723","431459107.276826","778.9225160723091","705725.4403385738","358047.94710916537","59409.91632915499","40501390.148683","15992165.00032108","24011450.308550846"
"20-Feb-25","15181921.715402614","355914828.955865","7760274.86872956","103165089.34202","114032954.21694998","173054840.897432","173054840.897432","686366958.9749318","79763709.33","5037378690.966618","324554206.653555","1239.889167719946","12050.529078331148","680544.8201494401","115538.501329603","37038139.245358","13584501.36650571","33700424.04398991"
"21-Feb-25","28997553.257537868","413702436.98996997","12063137.73800588","91175883.96474001","152653675.51382804","284229971.7773","284229971.7773","733175160.3393306","79385121.99","10385529202.052305","612914379.617676","3369.289421561717","1382924.6576506298","1555738.3427649895","241972.4973137887","68724682.540497","17657550.14801744","71225608.80303983"
"22-Feb-25","13496322.133050922","359766812.20923","4358381.490511416","68192693.14636","51816365.61294801","90873028.38319999","90873028.38319999","208707761.29183698","79028593.23","3022212830.22437","202100839.802058","0","1012970.841681539","264299.89638401865","72736.40850586798","30663507.701663","14843417.2505789","20067778.42060335"
"23-Feb-25","9185437.644836323","345168732.20530504","6698322.294993928","75382124.71053","52269485.596775","119053959.57530001","119053959.57530001","98200789.39011219","97461969.72","3357930484.6802087","196123655.736635","17595.90814966563","741321.8891246757","352384.9917922775","111904.4559596409","34342948.688839","12393579.55532614","20468632.461375218"
"24-Feb-25","21510597.59752822","378542646.34539497","9027431.92477675","171255226.09558","264195764.45286778","269491121.8466","269491121.8466","522303914.3454254","86172085.54","9442757917.150442","1031218841.538205","24194.45097279117","398618.6716874683","1524362.2312496041","584271.1847942285","51820282.000245","44454395.04151115","58483215.96357985"
"25-Feb-25","27021386.28565231","411604485.05898505","12562840.48514181","151764417.43689","185669480.61985302","553054511.2051","553054511.2051","238151135.43509978","95166061.07","13212926718.15892","1112478068.20715","3976.3593250621266","7783.436570064702","5071436.360561622","915441.8414943326","60728685.192728","41998186.48684897","78777211.78026435"
"26-Feb-25","15464502.430821251","474862242.98935497","10849108.26360709","117963101.54119","117047889.49574302","411611372.7038","411611372.7038","228671190.71435136","73613737.2","9361694443.808464","768153854.588488","2315.6186886474575","11857.45016862745","3081521.4004743197","235596.3283188783","67104977.901598","52937352.87347344","55958681.72039338"
"27-Feb-25","9634272.026530461","424293381.46958","6593735.515286027","74879952.30599","88919772.62784594","256881461.3607","256881461.3607","122614225.9055145","78062577.14","6796939578.979757","458370778.987099","0","16883.950238545167","1378029.4703004574","93433.44097671582","77501030.730747","24736218.04295847","51724210.32451484"
"28-Feb-25","25379046.498335846","613011043.01215","10607622.26332353","71685413.85571","164021894.2194849","625701059.0160999","625701059.0160999","342025957.97314113","87660127.77","11157922813.2335","913447605.413237","67744.20896155381","27149.973352995217","6460006.534232643","246451.1365723686","75249564.760957","48003148.38792557","85576623.63969523"
"01-Mar-25","11884174.474691326","432458497.89632","4955075.827929821","111058690.42108999","81323266.280985","141877121.009373","141877121.009373","392097549.16673535","76273443.92","4300489522.682419","381106919.840427","0","679.7506440000001","252229.18498375002","42133.61579036833","42257855.552615","21932876.72723838","24742536.17070425"
"02-Mar-25","29032489.36813345","599301825.042285","10611173.36003185","108007438.04318","193344161.67745098","786144956.6123","786144956.6123","274631081.09965587","95870106.04","11125716133.361837","1256553248.350847","0","730.7561188578375","3273529.866745851","191714.0391709367","89702732.58344999","33790655.35507601","64805980.07280013"
"03-Mar-25","32922215.82759125","666033430.70015","9336625.867807327","95175904.8481","212543781.18749696","533249247.77930003","533249247.77930003","283505747.3064329","83935900.73","11687296548.937178","1164285001.074689","360.3736277118002","19988.59277689227","3690599.3578048763","212446.343177297","92956511.536951","68836287.30725119","59142520.44476055"
"04-Mar-25","32371590.262161355","718153058.1405799","7667861.422762468","85491569.0138","137275353.707784","586127058.3106999","586127058.3106999","340757797.6428127","70433829.12","10923024321.65941","872804073.966715","19251.18297645414","5970.82452113855","4737219.112547539","190091.6873802722","69696925.430111","25292125.3542732","64552623.61292104"
"05-Mar-25","16413912.521837348","439554371.223825","5510327.900280058","126777463.77876002","80864974.74826995","252671853.9866","252671853.9866","97641552.76558441","85620858.36","6393102152.209929","531718683.418451","0","7657.263118858222","2310615.599389915","104226.1067322496","63467681.609635","11274669.08020245","44092804.77187866"
"06-Mar-25","13310181.082685629","403014250.52420497","10299869.13064676","95715861.38622999","91331016.078045","261971877.675513","261971877.675513","139387236.06565702","123018474.14","6898925843.815731","576135386.100301","23367.30416961832","585.7497093417729","2871555.2633756087","136285.131416495","80974659.638121","11941000.54134258","44882496.76116629"
"07-Mar-25","20760770.536707547","515096480.98623997","8701635.650297757","64281394.338240005","134091323.78355701","701549751.590292","701549751.590292","213231858.5366511","86321333.63","10328312158.948517","942838956.4738","16002.843175332167","25639.25738079475","3810495.3090491663","149029.6276955018","75391792.064194","17128185.04128544","72135354.0430121"
"08-Mar-25","5121925.506432587","362507250.3883","4025822.420820567","66352560.14372999","50491958.220556006","177171558.6079","177171558.6079","56142240.089312606","93367974.42","2704382867.5745864","283638392.19636","8998.65957031271","2137.156354028234","401873.51460649166","149827.1413519755","38344875.050321","3981195.649054315","14849229.015490307"
"09-Mar-25","9379369.632864509","321839075.88775","13827241.44772076","73034811.39804001","85957299.96703199","314668532.8703","314668532.8703","194048644.40558177","80010794.97","5412422029.1008835","530861064.181918","584.7629394656411","","1596872.644284431","104691.8500636804","64979128.148802","18189944.07882351","26911611.95980098"
"10-Mar-25","17036128.958207905","354264900.36772","14415171.5101156","71467814.40624","133894247.369109","641859339.665696","641859339.665696","204644165.4344802","103532865.18","9662861733.834816","645181629.243077","29778.134056780706","60184.28780303245","1628527.3302974734","247686.2024162697","91134819.591003","28342496.08780077","47981068.48974387"
"11-Mar-25","18707671.103843164","362366252.35359","6548917.222994087","55764398.181770004","144823725.59330496","490641081.1098","490641081.1098","140433981.5877258","87569947.69","8230997836.53779","417349924.841902","32176.040706033713","54188.47899714655","623228.1728886968","307146.5101030184","63715023.574464","15652622.03016863","39257692.89159112"
"12-Mar-25","12832849.153863242","332471822.728135","10825288.52689513","65011298.04491","109325036.70203596","300433181.3172","300433181.3172","138026389.69331607","63564549.43","7385946216.235805","272016318.269151","20691.435083218814","59381.73583779435","513600.8825264151","190252.3998313453","63783068.843782","13283318.19601747","38948310.51873042"
"13-Mar-25","7230832.572722288","323460203.21167","7402359.821833514","50498199.531440005","91690068.18776101","194928214.9864","194928214.9864","426326157.519849","53949280.46","4794383453.130344","236374917.459435","4703.312406674662","43160.4106120912","201850.77944965984","108763.9931674873","60918685.773046","12600148.00158285","33468682.032032885"
"14-Mar-25","6340854.477407243","314902154.161115","7977815.538451094","50363930.34339","81074530.49266899","154070107.3883","154070107.3883","154351348.02789667","105992864.84","4206697098.3932104","211592943.811829","712286.4556753654","59390.91704263262","677009.1225740544","62494.59492277169","53924918.794893","12649123.4543404","29194635.40709938"
"15-Mar-25","5100794.698988292","300667415.125255","3977198.122249277","72453097.4874","44678188.50410701","95452419.2863","95452419.2863","277839409.73315597","","2136911541.3575256","103409590.629463","102472.83880643731","11882.881983405374","874785.7006657994","30077.83112502127","32478907.859787","8768676.980925934","13031950.136717567"
"16-Mar-25","6423214.818886873","320525628.80368996","10516995.3243467","87607815.12898001","78197576.81240505","127935833.5289","127935833.5289","132184601.76859018","53600647.92","3662298195.664772","214517502.927082","449937.06159579917","30387.98562965982","5456710.528846805","58549.38272671516","49596082.991511","7840248.199752646","22379069.950292394"
"17-Mar-25","5379324.184650789","316433893.070475","8770870.08963576","110384487.01773998","92873033.544621","167537245.8346","167537245.8346","64702876.41994942","51757100.26","3724551748.3123527","160992006.901265","174925.51196731208","6847.475485876223","381690.83297270065","66037.5738893577","48291632.12498","4888194.531477071","34007048.97824605"
"18-Mar-25","4797360.941529073","340344376.442715","7449246.423630521","86035593.77903","106661253.568355","150542648.679474","150542648.679474","124141114.15742761","63650514.66","4923537604.501446","205955974.34281","671291.9604390982","","1591871.5024750978","94211.53759842059","41530087.316333","6810705.249323815","31358980.227054954"
"19-Mar-25","7011941.99563123","371594954.90674496","8436954.66967712","57527299.11133","171832531.251662","267008049.81136","267008049.81136","161626896.77321056","61064640.19","5936470683.989237","414190541.771584","1187813.8696681678","950.8808109516606","312325.1776721509","55943.62237124024","55256780.952541","7570024.732929667","40403772.987424396"
"20-Mar-25","5124204.033053112","339261762.73871","8524053.127523769","51985765.629039995","96036695.11341706","136579155.995313","136579155.995313","141320422.15807042","91642476.59","4798349094.547943","240507135.181761","1634783.2013732186","113863.5200851078","433023.960985588","40574.92093783497","45092671.033172","5957724.67114135","27606890.248623557"
"21-Mar-25","4698388.183079004","319220830.190225","8744744.113084236","87621498.97108","55684653.870202005","112602064.754922","112602064.754922","73828074.1656152","74834041.6","3535282613.280393","235404562.924376","1850965.9750640586","129291.12860740261","221247.31378307298","38194.39114314174","42275211.65456","3240144.526232009","17920265.62782654"
"22-Mar-25","2885637.90272587","329744472.35676503","3988726.720130791","41717950.15944","38668990.106130004","47248734.255989","47248734.255989","51067933.166320205","47213877.12","2045427812.0682006","71559312.618989","3435999.9941431284","","145611.0193296416","20386.59322068079","37424242.185246","1040008.022920953","10511164.847423142"
"23-Mar-25","3856161.9389856346","376411643.51859","2663054.599179959","43501813.25326","37598110.38086699","70860912.8192","70860912.8192","59754093.17652263","87988348.02","2462791312.632701","139802385.064117","5820420.100495837","","209776.269879124","18672.06524060678","57524027.742954","3326706.301369405","10512884.580798138"
"24-Mar-25","7758285.175257853","339045711.37154996","14113064.84578435","74406987.21467","123727708.01600006","145404561.800361","145404561.800361","150138512.70031902","47899305.2","5105825634.5464525","402933547.565631","6180659.1793186385","73740.75499581447","629290.4679494163","43923.16695828219","93162442.874808","6948108.249647256","31725591.553370226"
"25-Mar-25","11492237.709728446","361178225.0712","15045764.472992","76780709.28266001","116739943.95897295","126688362.8092","126688362.8092","124232043.67026214","49822343.15","3932030198.711732","253842954.748202","7818870.589423146","3009.540620881587","457157.2825056708","27922.08915165173","114812628.639145","6104535.480484801","31917336.387427207"
"26-Mar-25","8961170.592584163","378397622.90585","15411864.56982895","95847357.38356","143636272.30721802","126619689.3028","126619689.3028","132471704.28527161","35402688.88","4546459279.561303","284144383.764205","102938.13501675308","372.4137931034483","391206.156079796","30650.6822641885","122034615.338511","7153106.939350057","26719160.62459065"
"27-Mar-25","6179615.587975557","402176171.60384","5470208.211234963","99047891.27938","69661043.36730798","118907343.449824","118907343.449824","81452604.07365948","39813477.12","2968017787.671562","193532207.791032","102938.13501675308","50474.64452407403","339454.7073278967","23166.77124603784","115854414.166188","2927681.723756449","24380300.053215466"
"28-Mar-25","8309895.430056432","442439577.424995","11694328.36857134","122013775.18885","139848915.75574398","173122996.55811998","173122996.55811998","146235802.08197072","28508927.22","4696027441.767789","402264848.059022","0","42523.377217229085","355650.43277400045","80481.49943388005","112365306.893944","5078839.886318722","43122640.42043652"
"29-Mar-25","3751660.9797615246","428744194.126535","55515421.10274724","112712430.27650999","70940805.377159","101365814.650602","101365814.650602","155472569.56359163","47846718.65","3300437272.5785565","253582821.968955","191.36645513888797","54725.85704130165","3224174.628945314","80583.89806950738","100017694.271467","3526388.531705626","23290136.35196831"
"30-Mar-25","4142626.678919866","432345170.71047","19292139.45939358","121377709.98975998","69363184.27433498","89548157.633251","89548157.633251","86918300.3940323","32581603.99","2774062341.433435","218073787.744116","23.682870605570784","29554.552993044923","191723.1712419777","78583.05083941155","100619291.691431","2960105.785483957","22532343.595697083"
"31-Mar-25","4882187.397471975","356086205.127945","34626030.01538093","118170311.92142","93224776.37768","183959466.818434","183959466.818434","180370471.3554343","31439419.78","5786815779.41901","256309233.5783","26.302958","15909.895854478355","1183333.7679179832","111771.3735720156","127507670.239115","9331517.251252834","37248904.74758026"
"01-Apr-25","4527416.150393678","358218742.54598","57317776.36774057","64934749.69349","93485163.864742","167573034.67471498","167573034.67471498","176716972.713163","29992151.98","5024540120.028456","285973050.478128","0","17582.712152270982","1295477.6195446164","74005.27290724804","151065157.729496","22195073.15381847","46505048.150513634"
"02-Apr-25","8651217.237991678","402233721.72199005","495790739.474354","105688622.72317001","166867972.2625349","","304893199.9048","276481702.7220772","20266356.57","8109376458.284447","465891380.440109","0","65983.36969294996","580426.8530075068","169219.1984617828","249474836.19922602","26249089.47797508","72512038.04520588"
"03-Apr-25","7138477.674219543","331655450.496065","14805619.95236808","108694989.58441","136130882.84497195","","219555738.55178002","285104435.66989774","19845447.03","5930229209.413552","331367387.268529","33.433368159393005","270340.25851101807","19861633.319432538","136307.5614568384","177345531.894544","9881597.853818282","42478437.29559206"
"04-Apr-25","6904727.230327895","347806610.05148005","13505379.99995951","107415211.83775","186432270.91154903","","293494552.188016","192078001.36417887","17986570.41","7751080977.472289","388825331.77995","0","119507.64603361218","2713333.1789459493","154445.3000752881","278804686.499208","11492615.54346292","46948000.23472724"
"05-Apr-25","4911636.950845482","405299715.47985","8389888.118672062","74817214.16710998","78406143.19438395","","67183300.7086","85119031.03581083","16773523.8","2430774311.148821","132145109.70681","0","1507.800396011964","71526.63236497817","34117.57245365891","115986894.838415","1844010.944510725","16755795.090996416"
"06-Apr-25","10992192.430279305","388908527.0535251","17462658.5443152","91447661.12361","172945281.855226","","252812995.0266","258875657.15692222","19271921.15","7538397804.353547","605292089.629104","10.712566637818492","397.3966619018943","15063643.592696663","355514.7477463451","278706640.921761","16455220.81411196","44437481.84681615"
"07-Apr-25","18932890.71036276","482539864.01143","52322850.74064343","111622268.95276001","275760101.8348","","516435708.443911","456969249.0887085","25258746.27","13309974115.711725","752871923.139084","1361.8792979824382","193798.15059564207","22559029.40931707","638367.1393423512","394458592.411124","33292628.90531081","85337815.42476833"
"08-Apr-25","7951830.415342693","269397687.16750497","17516227.94748093","91356966.3037","145321239.509534","","242411206.305042","489200261.2289463","33091171.63","7663480477.189618","324217609.085247","72.81859566903178","52289.58749170192","4900390.71265652","210059.2567853476","259690514.243077","14986132.53942499","49205004.289521486"
"09-Apr-25","12073069.057037154","371060293.365335","15032929.83964582","97721705.13513002","204376979.670854","","430826831.115659","845803360.1332146","18353196.69","12444620477.978674","563829363.694463","0","37677.55574480868","17949792.344538175","349384.9178397151","337153718.303405","22858198.15633237","65411439.81693899"
"10-Apr-25","13055753.466726596","251647161.84605998","11736928.74733974","77512568.27783999","99368439.81199998","","193744979.909663","696160409.4871829","17098812.02","7229336568.384925","346052307.739085","0","101738.5449723313","2352457.5552793336","189330.1567066098","206531701.28629","26320925.10016534","45321609.306965366"
"11-Apr-25","8583352.570740988","278866855.54341996","9789503.479888547","81176064.22464","119164511.51721504","","244072593.83597898","366214379.9448234","14075321.85","5544362890.154929","327722948.92843","0","","997133.6173049659","90441.64292140912","182468385.532686","14339594.29383727","44317575.52964334"
"12-Apr-25","6129942.746437291","309788923.416945","14371987.19389318","73825305.06105","124020304.45712897","","177560444.0283","318798855.62373286","3866941.79","4949382648.127315","323770090.835746","0","","3771572.9833564316","74693.82445254216","168490694.222139","11260249.10697711","30838584.430510174"
"13-Apr-25","5891644.35839262","328372884.96096","10987507.41002434","76716393.74589","103412167.81139699","","218966063.07272202","991164120.6228901","17836226.9","6199138478.012778","276251414.118366","0","","11854016.295916747","87943.53995854067","180559732.505405","8640677.802017583","39137266.87765817"
"14-Apr-25","6478714.561839951","281138678.93387496","17882976.10844889","50933998.18598","147980512.3818189","","309672906.939227","190513423.65410763","18060295.73","","280365552.471293","0","1390.274668365898","430245.4170418883","102803.1675550253","166286568.405668","8009580.470846198","39184456.6257179"