Date,Aevo,ApeX,Avantis,Bluefin,Drift Protocol,dYdX v3,dYdX v4,Gains Network,GMX,Holdstation,Hyperliquid,Jupiter,KTX Finance,Level Finance,Mux Protocol,Perpetual Protocol,RabbitX,Synthetix,Vertex Protocol
18-Apr-24,108651208.7,211799457.9,6213535.262,142236756.6,283650525.9,1593452300,1171301516,22281980.65,125196692.9,98178390.61,1505402399,477455487,123242088.1,560453.8913,44353451.18,3752584.379,1775027574,34604638.49,301874985.5
19-Apr-24,149899929.9,268643196.3,7152728.745,192009163.4,205470857.1,2213566906,1403993833,22891752.21,297384937.6,90918885.86,1842479035,818432824.7,123494370.7,1414258.21,48825402.48,5773106.123,1085463212,69992524.29,424445576.1
20-Apr-24,122510221.5,177271395.3,4780260.178,121147399.2,77677644.96,1078990615,812945470.1,10330054.56,176809270.8,83226937.26,959933413.9,473594963.3,111747951.5,1558678.477,32161409.66,2283368.569,672140653.5,31741992.82,239712444.5
21-Apr-24,132649129.9,174267953.8,3734052.947,79815030.98,68873243.62,962134617.6,672201210.4,7211099.675,92046362.13,70956466.05,999157605.4,413054683.9,108891028.9,202731.206,16335097.84,2188861.368,685634210.2,34702632.17,286520992.5
22-Apr-24,145867059.2,200655625.6,4786997.601,211415555,77053928.73,1299056284,916381038.3,18374446.3,158833251.7,87749629.7,1393844531,503784140.8,124115873.9,214023.9723,65373992.83,2956566.115,237917631,25926093.85,302841575
23-Apr-24,143862322.3,190122980.4,6174570.112,93703712.51,71850430.66,1077810083,754762635.8,17526338.02,92031889.39,90076755.76,1237505914,521133643.7,112996451,603667.1763,33734761.46,1833730.736,202069277.6,21738184.57,239119038.4
24-Apr-24,115118733.2,219034249.4,8408278.212,196843360.5,106813442.8,1545265536,1071912825,49595040.72,178059825.3,87373337.79,1359688550,820578519.5,113622973.7,416030.1281,67019248.09,2995788.958,506113083.6,56351298.16,354833640.2
25-Apr-24,101433826.7,210072745.9,7492440.46,147096730.7,92555643.54,1482902227,1065894498,18606416.51,191214446.9,82312560.4,1073965643,357537231.8,67266898.06,824302.7328,27469479.01,3042784.635,508534641.7,45242573.53,318007237
26-Apr-24,103768746.3,202051639.6,6542273.726,167296785.6,60799274.64,1019994587,751294762.1,33533731.67,166387509.1,76987723.82,829207211.4,333769540.3,101131181.6,558077.5598,40244470.08,2367133.387,384902764.8,24154559.34,242115736
27-Apr-24,99323817.22,178793486.8,6420333.471,148818986.9,82267086.16,1082500041,721853377.8,3562651.068,114171550.5,67095883.47,911912943.8,292022960.5,56288078.96,966712.7895,48389787.44,2501085.361,397741222.5,38074591.52,286318546.1
28-Apr-24,92710943.47,187214458.9,5874491.43,107187360.1,43945908.95,987599019.8,723026943.2,5873917.81,128391586.5,68570822.06,821614348.8,317232838.4,80730663.52,17575.28156,34230791.9,2171138.129,458817379.5,44187761.59,320489422.6
29-Apr-24,128389220.4,213116834.8,9542622.347,170010547.3,84524571.62,1214093602,863330976.4,33041044.99,189177597.4,59027922.22,1171081421,407482858,84070866.82,364196.3433,48531441.83,2721691.873,551412060.9,37691997.8,343850533.5
30-Apr-24,93452150.42,247494963.6,9554876.883,228490954.1,201876614.2,1808056486,1320247758,14448694.18,514538069.2,72426764.25,1806390541,624464268.5,86499771.16,307107.5251,66635637.06,3966206.785,595319367.3,61836282.52,431798756.8
1-May-24,124223001.1,291380257.3,6915651.9,181447061.6,251953471.2,2222479466,1634065693,23554489.33,415760867.9,69024789.64,1562542904,753613991.2,89183900.05,1072778.975,82632506.29,7655037.567,754574964.6,46213226.27,479874218.4
2-May-24,77938202.58,194932953.9,5983466.147,102547017.4,125490119.3,1329560548,986244769.3,32542048.4,219901143.8,74594437.76,779690924.4,387136952.2,87229781.56,1113455.731,9410623.563,3422241.563,387212978,38768439.13,290224915.2
3-May-24,88560646.4,206096119.1,5785002.888,105155057.5,114591378.4,1568531346,1196248028,17637618.23,227219641.4,91850803.17,810883998.7,412889605.1,113204676.1,961314.3568,21927023.86,3174831.949,422346166.1,24948127.15,221668589.5
4-May-24,58544377.87,187786308,3179045.186,101700598.2,65246866.98,1128918195,801829686.8,4968359.236,144401035.6,79580100.68,493504035.3,389562639.6,54718968.49,208036.5131,8445335.86,2488986.175,235519579.8,58241303.73,163463910.7
5-May-24,65025389.78,180333227,5113192.742,72580750.28,60110878.63,1004543427,787749949,7742804.456,107480738.9,71064933.53,477530165,434501927.7,84689706.97,441793.4007,8410120.245,1807935.889,213291569.5,33126755.54,147550194.1
6-May-24,119392616.2,206390183.2,14519918.48,126176480.2,119707107.4,1651759616,1184703009,8851586.431,189264913.9,105347504.4,827559945.6,442379955.1,82635414.76,681385.671,18465749.15,2398857.402,523418738.4,48442135.64,208786360.4
7-May-24,106116064.8,194115642.7,3893518.975,95194372.59,115091846.2,1557261750,1071349077,20065766.78,124471996.4,83792115.02,827783685.5,450481045.3,85393397.42,343917.6078,11087734.62,2063520.171,398740544.6,28951165.59,217231719.9
8-May-24,56550272.12,199952978.1,3177521.862,123405079.2,87553989.21,1372327369,1040635432,12074351.05,159343519.7,80093115.56,892663821,721855064.3,84330847.52,11801147.47,34926420.97,2771004.577,297667790.5,35688516.62,241758791.1
9-May-24,42887470.45,188067401.6,4074030.434,109858179.8,78185689.46,1189924397,867096427.2,25362336.52,134298481,68771567.53,679332408.1,424520559.1,83659485.02,133076.3656,16717330.63,1738545.233,347343722.9,19542120.78,211498559.8
10-May-24,65847872.07,193445699.2,3148855.541,118400408.2,82487911.19,1359377620,960394077.6,8343739.607,210785364.4,87481027.89,807060703.7,355886166.3,74497519.11,20401.7373,4326787.416,2088419.479,443114237.8,28128257.92,281455487.4
11-May-24,40656648.2,155555199.8,2490975.065,83694748.59,28808076.35,575597619.1,476900807.6,3872045.204,53836019.42,73124255.92,308265299.7,125792809,85730773.03,56711.61397,2232918.984,964672.5907,179475563.3,13767094.29,133007967.5
12-May-24,43992797.1,143278777.1,1183535.463,70133888.31,19234542.33,564958020.7,422286802.3,5548340.733,39449873.87,64546683.62,274770431.1,107922599,78802498.17,9830.141123,3214976.561,684332.4203,258494277.3,58182472.36,120989278.1
13-May-24,84740757.05,189528150.4,4852081.986,152354404.1,87826870.62,1564650593,1264767380,21305401.17,353139679.5,71795912.4,888557904.6,297841607.4,87855494.6,81648.30115,3704083.722,2402102.027,390833478.6,27922741.56,254249890.9
14-May-24,95631775.74,197889149.2,4179725.602,124774580.4,69617330.65,1523183143,1159781495,9965515.363,181761248.3,66725808.93,774923029.7,230062940.9,78060071.43,341673.9116,14679940.79,2322831.452,374647587.3,26070591.38,243039628.1
15-May-24,66548108.06,259554225,5927990.49,163343795,94633207.01,1724341497,1307694918,32741830.5,229552077.6,70169154,914482493.9,493860929.2,69365775.17,134523.0321,22768124.35,3224708.215,435603498.4,129493365.9,317015859.1
16-May-24,38928904.76,200533580.6,4041590.811,108768061.7,64438860.81,1279706783,980435931.8,8774186.043,177496972.1,72963232.88,760527575.1,318068046.8,71306989.6,335222.8118,7939757.953,2474467.667,371514704.6,91955551.89,255161350.5
17-May-24,37429960.07,194986210.3,2868709.345,107540939,75459152.75,1379054879,1146542282,,262851587.9,75910748.51,756952480.7,486161516.9,90080485.37,416830.4337,11698936.79,2250560.999,368985864.2,136675213.1,227411721
18-May-24,34663814.43,174373694.7,2324234.613,79561039.07,47212129.1,803436770.5,672306509,,184567177.2,69279484.96,418702470.9,242338584.5,92950501.32,1824.515062,4302771.074,1220812.113,238710711,99651507.58,162251160.5
19-May-24,30723658.17,182608459.8,1222623.482,91353672.69,68771116.74,1001176981,775197342.5,,185681092.3,71658234.51,556804308.6,234238180.5,105308313.8,133796.2412,12658704.47,1372605.995,350632533,107935040.1,164097595.1
20-May-24,92269643.74,290156653.3,6840037.378,190878104.2,173156502.9,2467542425,1826352933,,291432481.7,78901471.84,1559656764,564468133,83689302.1,92640.73776,50576693.59,5095423.094,704582002.6,321425332.8,371893595.5
21-May-24,77970038.59,258536121.5,3734779.111,217369729.6,129528544.7,2361398372,1849152225,,416751110.3,74537055.99,1188393199,758921721.4,78971724.66,365325.7811,63664340.79,2908233.382,592175172.2,598031813.1,446708605.4
22-May-24,42387221.44,234285531.4,4163288.787,208465917,109901827.7,1729669265,1419376815,,379171993,105163240.7,1153848085,801243305.9,43233594.33,22870468.05,62902459.22,2580414.638,505997470.1,215259922.4,271081168.1
23-May-24,133225335,335631269.8,8109496.146,235334548.7,169737179.4,2207437857,1514069955,,542249915.9,97416565.23,2010732638,614466021.2,75330608.86,182816.0767,126963583,5992238.022,808270184.1,378868035.1,408050330.7
24-May-24,62763084.84,212686070.4,3603496.179,130825868.5,84963966.76,1245052380,930992206,,139859823.4,106653565.2,915646407.3,443620395.4,85291544.35,112254.6921,9942684.572,1920381.542,402669214.6,113012982.1,210370645.8
25-May-24,19243275.02,176056672.9,2846022.434,84395618.26,43055822.3,505761072.7,376669180.6,,60392510.13,96497169.97,388397278,180915783.5,48340929.79,151837.3051,4563420.12,739681.3798,249846344.3,32860439.9,105838267.8
26-May-24,22793280.15,172718835.1,2552337.858,129772781.8,47163059.95,709847350.5,423148107,,110769452.4,95884971.04,536019684.8,237276835.2,81849865.68,26684.06175,6744967.428,1419594.632,393009977.7,59725145.6,134681441.3
27-May-24,36451576.29,191957105.1,35042853.62,145053996,66947662.19,1043828398,707993458,,171652750.5,102934166.4,784427402,274517640.8,71911168.7,38994.97176,19162589.38,1620684.148,496321760.3,84896847.79,211775879
28-May-24,70286380.52,207912502,4286976.987,167026440.5,91216202.56,1179657244,864730251.8,,318182538.2,105267648,1063856066,294626696.6,79131887.54,115591.305,17833429.6,1907873.915,444539626.7,70213528.84,252882740.1
29-May-24,48575043.59,191178134.7,6543949.442,180044348.5,91811624.91,983389843,800372565.5,,161332021.7,92261025.35,879243779.3,234676584.4,90022100.64,21115.83918,5960632.63,1729666.02,378134893.5,38336601.95,242400488.3
30-May-24,60259928.33,194246909.5,5215305.646,152487797.9,64109518.71,953733549.6,714970337,,338941939.4,102133207.2,975848410.4,263104863.1,72148233.36,10201.25765,15057099.89,2038595.023,415561855.8,44072115.68,274857687.9
31-May-24,61555989.27,188272023.7,16301371.06,141158444.9,54954218.82,951722221,650790991.3,,199890931.4,102596358.7,917555214.5,270061090.4,100986243,4694.587789,13414543.79,1875803.436,261212830.5,53209013.35,267852405.1
1-Jun-24,39915391.27,156667233.4,1566868.617,78181550.03,22015826.02,322902034.8,231819146.1,,56270718.73,93691013.29,379114903.1,106611015.3,34850184.54,21971.91048,4583530.545,625067.1586,150454139.6,25793294.56,105258315
2-Jun-24,51597429.19,163232454.8,2291648.676,102142343.7,28958017.78,444700090.3,352874235.3,,60174220.13,94188870.76,529730345,195880720.5,66077887.7,20801.53518,3361872.546,1339782.088,266556417.2,31255241.65,135166098.5
3-Jun-24,59852407.27,201370618.4,9578148.436,122117127.9,73241548.25,865226071.5,677254483.2,,314817644.4,97335672.09,966511223.5,271744305.7,43995225.84,66728.21953,15901066.63,1384592.506,281608474.8,47870148.83,264982128.2
4-Jun-24,53633620.89,204144722.3,4731882.697,150634091.2,54518610.14,854545081.7,655816010.7,,221406300.6,86040944.58,865570111.2,270454011.9,23463840.23,7350.938377,28275822.23,987580.2119,397898408.6,50905790.28,277970202.2
5-Jun-24,53095093.24,210552217.4,6844380.632,177240595.3,55771212.5,934633812.7,683230672.5,,216740136.1,106862421.8,971251192,303350636.1,43841053.78,107930.1417,22966989.35,1035329.75,248406788,37276407.52,309590419.4
6-Jun-24,42543218.77,196498291.3,13313244.01,99992051.44,55905414.06,744867862.8,490494998.9,,176592280.6,118193379.6,709608664.9,275255903.1,43123781.35,2460.058365,6414586.938,953919.0347,234220513.1,40926120.99,264063045.1
7-Jun-24,83310668.74,210998235.6,4117166.016,128643189.1,103739333.3,1220201672,821619621.2,,276455660.2,120089697.1,1380410061,440403199.3,34401082.6,12177709.7,19252225.51,2392509.018,286605900.4,81824318.34,376686049.1
8-Jun-24,39723416.91,133259461.9,3915943.607,77563134.69,42222671.91,422121504.6,313009827.1,,95938619.79,118397598.9,383364119.5,179874317,33493346.94,442423.9923,13254722.08,363741.2975,148675562.7,33643492.36,139743548.4
9-Jun-24,48642903.69,137615023.1,1227010.029,91828459.19,33862211.05,388489880.8,312771490.1,,49706981.74,116817008.8,327671990.1,150009335.7,83240417.31,34972.79618,9262350.649,345016.9429,73338859.3,30796918.46,128379288.8
10-Jun-24,41442262.77,166074280.8,5057408.351,115189618.7,51445809,632066842.9,494143996.1,,109757156.8,122740081.3,592210238.1,255112543.4,79934042.29,10832.85929,12214401.99,576810.2017,271060971,23966886.92,217095561
11-Jun-24,65352368.05,212794145.8,5684789.972,176515613.7,145047390.7,1807007857,1462903664,,302521915.2,117489487,1281500288,612764659.1,82595392.05,235642.806,13288574.53,2601062.829,241894451.3,56690773.39,414045352.6
12-Jun-24,61116556.23,226731731.2,10940830.12,180209722.8,147075654,1342618640,1005609144,,256422386.5,101163195.9,1384737038,538119250,60058519.07,65638.38791,22141619.83,2366287.479,293709166.2,97693166.06,430705774.6
13-Jun-24,47191162.62,195948312.7,7131662.491,148272222,109706097.9,1153756802,939012743.4,,252160252.3,98077984.84,1045766312,385004703.1,74796381.99,71984.82876,7060342.787,1730279.707,274930609.7,51134391.25,319099704.1
14-Jun-24,54300020.84,193543936.4,6564196.007,137525292.7,161493807.4,1411046456,1024753527,,216962602.9,94047568.09,1191566427,453709848.3,63331930.25,24580.02074,10580638.71,2125129.277,212989840.6,67964236.88,372741683.8
15-Jun-24,33434094.62,162525389.8,2690813.794,113471113.7,48759874.76,443601957,348848219.9,,123818743.7,101489668.8,487358638,205562300.1,61819463.32,119904.0672,4164401.506,848604.7087,144226999,42606924.04,257526155.1
16-Jun-24,32209496.15,168000468.2,4309929.698,104412205.6,61591609.15,488818890.8,370202040.3,,72216374.1,117338874.8,530330142.2,238245977.9,68499988.53,34899.9439,2655662.773,934752.6808,117380611.8,26064657.27,206952809.5
17-Jun-24,56301785.29,208524164.5,10316667.22,234273780.3,160512304.4,1039817926,831450450,,195450694.3,104538590.3,1718045856,545602731,59257296.8,157286.8801,4670786.26,2209751.229,230928997.1,86289108.58,449412951.3
18-Jun-24,79496801.26,252012206.4,11278917.43,169546332.3,294451657.7,1508554840,1156457489,,255211783,137260541.7,1705954897,611564797.4,69679842.48,57550.60626,10554233.64,2713074.052,284861820.3,106993035.9,624474366.5
19-Jun-24,43380815.36,220166441.9,10134080.33,165803387,144520304.2,810869119.2,650659172,,126998972.1,126800821.4,910678178.1,286935278.7,72172526.13,9902.535912,2620953.951,1412439.078,171344971.1,67112314.19,260474359.3
20-Jun-24,49062819.81,224609444.1,10163314.35,143990486.7,181805675.6,1060400271,800242590.9,,175889787.3,119142654,920310358.4,359247769.8,33029293.77,1329.022785,3921700.667,1371225.736,109549348.4,82326186.68,270460621.8
21-Jun-24,49894885.57,238970844.7,8506747.903,100710742.6,194567810.4,876677336.1,664064753.3,,295821048.9,125003939.5,954663757.2,392240235,43608355.28,27822.11998,4168057.983,1569583.028,32087810.5,120706367.2,299354941.1
22-Jun-24,24730364.57,172507870.7,4931992.76,83644697.03,51748635.55,281316703.3,198623635.3,,69374582.24,127294877.2,299441841.2,148186316.1,47872848.84,21437.09231,1446577.598,248861.6487,30420569.18,32331615.9,145985737.3
23-Jun-24,26280060.69,165567222.9,7480492.618,83976229.95,83644644.1,324123663.4,244210202.5,,159757142.1,108814050,537438673.5,175601834.8,48277496.74,,2005935.848,590020.4237,171489523.1,38320569.51,193144115.8
24-Jun-24,65367176.63,309840664.2,10241041.47,139261480.3,335066626.5,1634559637,1215425486,,424573289,127468229.9,1701335640,563813966.9,50453141.44,55455.02091,6651130.485,2710987.698,536031911.2,96422627.44,520617251.7
25-Jun-24,34923827.65,233389058.7,9778021.346,118771498.4,141983193.2,902424450.6,654716927.5,,140124537,131794037.5,746565538.6,361867153.5,48954377.96,67532.74871,4650057.468,1120031.143,402881941.3,42308879.05,253690246.4
26-Jun-24,43022978.92,201665046.9,7016938.704,78197653.84,102441984.6,776085139.3,552162849.2,,100723326.6,125906186.5,836208688.9,299697155.1,42863954.22,30550.32397,4549694.463,1044609.523,342392859.4,31113580.02,221030645.1
27-Jun-24,27752915.15,211052457,7351029.729,131657939.3,157763432.8,638247226.7,495474487.6,,113228665.8,117163028.2,728149743.7,339305555.7,48323470.39,7497.906581,3096048.06,1018876.9,310471310.9,43634588.85,212506898.8
28-Jun-24,30766843.68,218302463,5483298.843,133979262,157729444.5,904605510.5,626994272.1,,99041796.64,113704731.8,904164900.9,366221757.2,28853179.06,6382026.77,2492165.831,1233655.322,404289702.5,32886052.46,239032910.8
29-Jun-24,19373306.67,164831705.5,2948435.881,80807888.48,32869479.1,293919193.5,219785212.5,,50935515.92,118026122.3,288085033.6,123266549.3,48019892.3,27229.3965,700971.6203,348575.9018,189953516.5,17036297.95,137588026.4
30-Jun-24,24203592.57,208628929.8,3807611.007,106548393.2,69612364.26,513545995.9,371577769.5,,160189769,108625000.1,662010110.6,211701311.1,21274974.28,6833.664593,1942287.021,712031.7591,308719503.3,37177883.8,204405506.4
1-Jul-24,26109522.3,204081946.1,8599264.236,162117756.5,115179424.3,676134994.1,542007755.7,,192160331.2,165769379.8,803079366,271118028.4,49443069.54,63470.65611,3395343.755,1015187.027,363051067.1,46558373.67,305172335.8
2-Jul-24,39152458.99,209555468,8658342.302,140098468.4,107238942.5,618549367.9,538295832.2,,153641465.1,140077361,712106630.4,394150549.5,47582265.4,80515.95035,1019050.117,584308.8699,297345513.2,28276505.27,215821647.8
3-Jul-24,38219256.65,241436553.2,12502079.54,121825972.2,173817076.4,1165925590,888130174.1,,378980553.9,157488244.3,1186263459,613933099.6,49169750.06,56048.60529,39861191.84,1457651.568,496855484.8,61067257.6,299686370.5
4-Jul-24,56203179.43,282029533.3,10803666.4,140758097.6,249995111.9,1888205172,1567072043,,413367517.8,167935465.9,1641415260,665050373.9,48904368.67,15346426.54,8856405.256,2300699.799,559118975.7,56264239.56,428973134.1
5-Jul-24,95015091.7,411964749.2,13650204.58,179044120.1,196574332.3,2092910964,1551839720,,556469689.1,149982039.7,2150725816,680857522.4,47663361.63,90878.59414,19153064.7,2937533.827,592500374.4,92714492.01,492781107.5
6-Jul-24,22111199.96,214140783.4,8214594.253,118775140.2,54940297.88,641118287.4,501536137.2,,279338003.8,150117614.9,659063930.4,309585613.3,45482607.97,68406.47251,3206140.394,563371.8764,280928700.3,63381396.81,168334385
7-Jul-24,23668174.38,227008994.8,6608899.88,138594607.6,74596112.74,687883112.6,551317907.3,,170905189.9,115077980.1,629530384.4,354352548.5,47288235.46,983.7939758,5828257.203,793152.5124,359314238.5,43861504.03,173475066.9
8-Jul-24,56629653.56,342177565.7,13071202.72,215537932.9,286822730.6,1317122223,1035228311,,500065959.1,155570680.8,1488194427,591839927.3,49998534.31,15222.88256,12669634.01,2456851.074,462231173.6,99553701.79,405815803.7
9-Jul-24,31713461.81,246123929.8,10190481.42,158377020.6,109594769,775197163.8,621740792.8,,193513208.3,164667234.4,1079099383,343815287,43923848.05,3779.412298,12524322.81,1723364.644,352455964.6,108255463.3,263872891.2
10-Jul-24,28436801.02,241354957,7499371.93,136174117.4,93204908.9,838157017.6,649050850.7,,320622149.1,145767262.5,1189588847,322272330,46132181.95,369.8613893,50067411.12,1160462.367,374457606.3,103683983.8,301947342.5
11-Jul-24,28631283.55,256420344.9,13807904.71,121428543.6,77959704.26,897940961,710903877.5,,157535266.9,149763467.4,1022241209,464547678.6,48423085.25,169.8529131,27783834.41,1829375.984,387697173.9,94053078.7,334277267.7
12-Jul-24,21782985.58,220010651,11044047.65,121336246.1,47766967.51,751461067.8,589456599,,139720898.3,117752800.5,879286211.8,376443529,48245293.15,15967152.73,3302537.337,1309016.688,346756956.2,35580997.21,222505959.9
13-Jul-24,15845244.43,203849822.9,7441394.125,64195502.74,40246046.76,450214969,315200668.5,,99636000.92,124135523.2,509055115.4,180109653.9,43746312.96,9812.320763,9019472.748,738519.5685,289727488.6,35963306.75,115789360.7
14-Jul-24,18726278.41,233302743.4,11359115.62,101331920.9,54111206.58,672442336.2,492767357.4,,143936758.6,138686990,581928696.7,333666984.7,47788071.09,13668.49111,8008689.229,982151.6959,264503213.6,57422310.38,143805679.9
15-Jul-24,32359568.23,266296039.7,24333700.3,157544624.8,83050505.92,1307616648,1057815979,,255170321.1,139179798.2,1182326186,513068906.6,1137808.024,88652.32865,10158652.8,2021742.027,502940454.2,105349666.9,278264791.9
16-Jul-24,31008762.48,269275064.3,16535031.65,162664232.7,103305431.7,1473210784,1194385656,,445500847.8,152873391,1407279647,562454584.8,48132183.36,151806.2479,17138688.31,2649786.194,586134909.4,81392095.56,235895865.6
17-Jul-24,29558255.97,249565767.4,7183210.064,137200914.8,63911249.98,1106337294,923705149.3,,206548787.2,167766527.5,1313558642,507962123.4,48150312.58,194638.0423,8317543.369,1170875.183,429462779.4,67770697.73,222196261.9
18-Jul-24,21869798.91,233159380.2,6405297.355,114935169.7,48511766.2,942372653.2,770818559.1,,160762903.7,152164485.8,1144249999,439337380.8,47860429.28,1022.976697,9044158.318,1028963.189,168035938.9,37882040.99,186550142.4
19-Jul-24,29558954.65,263936951.3,6283530.73,126399350.9,99543797.69,1138385807,888198957,,352525054.6,153046609.6,1137862568,689885584.6,48236035.56,10024612.95,79469794.58,1201082.825,119494488.1,55053743.4,293744284.7
20-Jul-24,14079793.14,233552830.6,4183099.937,75658191.78,57046517.53,519495031.6,401834337.6,,88242591.86,138147774.5,472081273.7,321412729.7,48793881.67,31094.04365,4827215.079,585180.4948,519295230.7,63695368.82,136861719.9
21-Jul-24,30585436.94,247446051.8,7181609.39,87513699.54,110525291.7,791569330.8,619300387,,278482469.4,161271781.3,971448297.4,768885865.8,53350434.06,120062.0859,18500219.34,1122482.331,922655527.4,91571523.31,198392319.7
22-Jul-24,30407670.67,240070941.9,7574336.011,106482286.1,96434708.9,807713768.5,636827570,,174395763.1,125741618.4,1047049349,594532454.1,48148983,205626.1018,13052070,998670.5277,891491091.3,71397140.01,267759276.6
23-Jul-24,39245965,269559010,9779127.696,129009481.8,146422739.7,996897762.3,751400129.9,,322894654.1,161113522.5,1675472056,665476885.3,48006078.87,50909.43115,33414973.37,2804622.327,904117445.6,66506518.4,423110404.7
24-Jul-24,29038170.74,250298784.5,7148451.769,70868147.9,135017781.2,685359869.8,556174543.5,,211474109.9,140938617.3,1080304897,635880451.4,48091909.45,217682.7858,17790169.31,1392054.481,634895884.6,54189235.2,285454041.1
25-Jul-24,45407681.05,275694682.9,8015937.533,89618205.98,207661701.7,1043153597,808245084.2,,342831168.2,172103203,1521023395,1138924033,51703774.1,211593.6517,27876804.6,2484912.362,800276508,73408826.55,290898035.6
26-Jul-24,29719310.32,238348321.6,6674581.4,88318599.58,124103093.1,664635252.1,543879307.3,,171698549.3,165625921.8,861876869.1,514912881.5,48479339.42,78206.77415,14119387.69,1253841.845,612348477.2,70363134.74,213809937.2
27-Jul-24,35794352.32,322605609.3,4937021.805,107332204,206177152.9,909756037.1,708210009.1,,233078131.5,160623961,1054414139,755402026.6,32057635.99,30372.84724,19528510.88,1793346.747,772440703.3,128921063.8,223421767.6
28-Jul-24,15340597.52,227727669.2,2849947.502,80329993.53,120819821.9,372348041.1,268480252.2,,99743235.55,150772376.3,466128438.6,368396318.9,64059868.83,369.4599441,2388598.282,681486.3045,464697291.8,27352182.33,153919865.7
29-Jul-24,37925119.55,320596690.1,6988901.59,121867116.5,203302986.2,921428047.3,659894776.7,,346540269.7,149562296.1,1191382825,931986227.7,45437813.52,298119.0789,38897691.67,1736959.928,796772258.6,131391385.6,264096382.3
30-Jul-24,16722092.7,408451286.5,5630596.229,145394406.7,225431122.1,827909990.8,547423339.8,,145223749.8,144643622.9,1015132865,725692421.4,51113429.34,25737293.26,25950356.08,1465258.44,546742712.4,64116590.12,235578874.8
31-Jul-24,21551409.38,403586118.5,8484693.732,136949988.8,99632900.17,844921687.2,625495303.3,,146756333.7,168683848.9,1053030055,682869087.4,48325131.38,42170.64873,18070695.03,1529372.98,274008058.3,97778462.49,222048927.4
1-Aug-24,25775299.32,499329201.9,5998254.351,142061073.4,222540632.1,1706338190,1403564737,,379126677.7,210651921.4,1191402712,818386423.7,48522860.94,106165.7966,24082948.31,1689913.083,185972121.3,82775214.61,301980617.3
2-Aug-24,34503184.3,659814066.2,6955507.828,152696094.2,211798380,1573589248,1338819716,,390783268.7,208374874.3,1430145675,702409827.5,49535194.5,67181.17136,55702671.53,2566934.474,194905441.7,82002855.23,242265818.1
3-Aug-24,25420090.01,475833748.9,3274282.539,124696422.9,130358684.6,1175587087,968575536.7,,220591848.9,173473102.5,954276980,484107780.9,40751398.49,163582.3011,16269889.43,1642443.636,156231404.3,101241289.2,195689642.8
4-Aug-24,36636278.65,505112705.5,4794194.302,142021744.5,137727137.1,1421583626,1193663048,,203820532.6,176549460.8,1192901476,620176976.5,48342451.23,37268.15655,22160338.45,1595789.652,198948276.3,106163457.4,213895178.8
5-Aug-24,306796684.9,3109150182,13413575.88,326751826.8,786811958.5,3068646087,2164378355,,620028748.9,199210748.3,4169986820,1740972362,19056257.2,303005.8931,34688501.75,5404851.288,549321586,259976546.7,757237758.3
6-Aug-24,35209806.44,431153902.2,7583810.34,108250628.9,310055717.7,1363801311,1137352078,,285828991.5,188991530.4,1232056736,987506652.3,48022854.51,22352.83795,18290154.57,2042451.335,411866096.1,77068355.46,299005976
7-Aug-24,30527882.53,477706165.7,5560460.852,94611346.32,310289819.8,1252709625,1070131564,,190775045.9,214184969.3,1495294224,990321070.2,49813372.26,137584.3182,12526799.31,2027685.299,460347669.8,69070971.45,288558963.8
8-Aug-24,41700190,575825755.8,7786343.069,80760408.91,302542225.4,1460729189,1247272819,,217057675.4,202166570.5,1305310342,874701993,42785188.99,43739.39244,22096817.36,1979596.497,623439925.4,196417809.2,361826843.2
9-Aug-24,22295986.51,294423841.6,4679676.032,71150092.32,143218095.1,1159331131,1032988426,,167060817,195051025.8,968702431.8,558549401.9,39172553.51,39811.93207,8513404.539,1535969.325,429624967.8,66588746.49,218027212
10-Aug-24,10719561.57,205145058.2,2143446.88,34831708.66,43194757.68,555717892,496148698.8,,68818798.14,177823763.2,574333251.4,237758584,49536552.48,13645.06041,3329055.785,504073.6678,257991984.9,53305377.59,120372360.2
11-Aug-24,20999620.88,249986542.9,3019868.415,51988754.41,93250330.21,907873384.2,783849315,,104511761.1,197859847.3,645197603.9,453788496.9,47975366.8,11003098.5,21167719.86,1089218.373,358658612.6,60711569.21,179984377.1
12-Aug-24,32715156.64,285160193.4,7284861.854,67119485.68,141273449.6,1527730235,1361455348,,171696034,234786102.1,1160292705,569447591.1,44336208.04,20503346.06,16119550.75,2255492.55,504418453.4,75631634.07,233419861.7
13-Aug-24,26393482.64,242140075.2,5101994.848,52698341.93,98428834.25,1057528491,902404648.1,,108434637.7,195389530.5,1197341841,376109657.7,47955684,12520.48977,19425023.32,1624639.739,367764212.2,71988151.08,202307355.3
14-Aug-24,13046294.11,273876716.7,4080002.515,52086092.86,101724228.2,1032628466,903420313.6,,143133985.7,215115857.3,1453533663,421021098.1,48795927.45,14829.84487,45706948.26,1922987.104,437032714.3,70952968.26,199904267.5
15-Aug-24,16527526.9,252933311.1,4610738.136,53544158.88,153215190.3,1075651017,917650001.6,,179570009.4,165677525,1057246088,587892562.9,48375876.58,14855.74692,22983700.89,1503514.938,467043198.5,90333119.1,199024690.2
16-Aug-24,10951580.42,218580227.7,5019687.509,47370366.43,95755716.3,915237426,814897273,,182032987.6,212622188,1011617564,550916240.1,48656914.27,27457521.61,49574552.72,1186457.901,374317734.5,68179224.08,179520775
17-Aug-24,4745416.921,174463444.7,2004823.962,28640059.42,28533538.51,274497375.5,235075283,,58869123.81,234305554.6,380334071.1,180043570,48069883.36,,983695.0992,383988.8937,187881623.9,25668572.55,85995959
18-Aug-24,8131849.851,201727564,4484217.059,39741695.27,50639208.81,470169058.2,379665214.3,,68235983.89,307934565,489580315.2,297713156.4,39233930.79,50.64213054,11096683.46,687167.7739,236252459.8,63321178.27,113077287.8
19-Aug-24,10490499.96,202853770.9,13154780.35,54434308.28,58083116.44,631880727.6,526101240.4,,115259997.2,185806112.7,859237052.1,355552626.9,32241014.56,129893.4986,17900371.78,986377.5976,213399265,81217325.84,185723430
20-Aug-24,12858468.08,243441588,6299622.761,58019114.12,71530406.92,731780762.8,601775596.9,,210348413.2,202293988.2,900366336.6,407544774.9,20413563.74,308970.7645,15060021.8,1125151.177,213204081.6,60881067.82,202208742.5
21-Aug-24,10937328.17,231648839.2,7642042.341,48075689.94,74847299.2,780941811.4,644804130.5,,273341366.2,208009703.7,793866133.6,390842149.9,42654560.28,180426.1645,25680938.69,1215801.744,205095942.9,24754287.06,156451535.4
22-Aug-24,28167675.65,200025171.2,5317072.297,39750530.83,53666126.3,631380866,538593357.4,,148503862.9,196030862.6,1088518736,229031050.5,48322886.25,15652.4223,15934145.64,714672.1113,104873536.1,21477428.31,134865287.2
23-Aug-24,43881060.52,271092888.5,7279227.366,75872083.3,108364141.4,1054468372,796569907.9,,210693937.3,201044448.4,1192902077,601048514.6,33226413,162632.4759,48720319.37,1828544.872,67863908.02,62495099.37,271866836.4
24-Aug-24,61752228.75,221165915.6,3363314.26,64756850.8,72868303.76,601093558.6,477439238.9,,112187825.1,206696394.5,920795496.6,394608945.8,28355764.4,10641649.73,7207140.108,1135033.862,61605261.68,103158550.4,138688466.7
25-Aug-24,43547035.86,206981514.2,3280576.574,54484016.25,46788531.2,472748405.9,356060428.9,,95255333.93,202148452.1,693388787,326089913.9,47149029.41,15774.89951,7279415.084,860064.3837,57100580.25,29276548.02,113481904.4
26-Aug-24,31594913.79,225203850.8,10072964.35,68301185.3,71398226.63,640597167,539024334.3,,176580477.8,197798697.5,1201260825,419005881.1,24129927.77,723.387116,9782969.035,1330243.318,73091239.7,21146046.37,154363898.7
27-Aug-24,36365089.25,362059346.2,7666402.367,61375060.35,113186741,817013734,659304044.1,,242209225.7,192527169.9,1617584020,726644985.2,24311490.44,222505.2547,21098709.48,1622369.857,103087699.5,23429466.2,223409789
28-Aug-24,29847682.61,207722293.6,6546837.845,57023284.57,121702790.3,567229317.5,441466951.8,,239155374.1,197610020.9,1528607141,571779621.7,45995819.38,219307.4173,15155148.48,1697557.243,116293163.9,48288284.41,237785315.7
29-Aug-24,20026514.54,198556376.4,6672238.293,23845317.58,95118377.53,345540770,233680579.6,,174231156,198295118.5,1079357036,419083890,44304420.53,4105.652585,20650709.18,1381385.516,101708923.7,22422619.55,158661009.8
30-Aug-24,27641230.37,217537410.7,4946573.696,35855385.64,89565144.32,354937469.2,235709679,,163980063.4,214638216.7,1052016850,469844901.1,44778092.32,46754.4308,22610140.74,1580297.054,113104902.2,14624440.1,150124900.7
31-Aug-24,21250696.97,178993855.5,2726873.818,13034672.31,21546275.91,92228907.45,63126209.56,,44676207.79,198005338.1,319840012.8,156232453.6,40429081.51,760.9958442,2036273.857,305283.0739,53483595.34,5861898.058,63149631.61
1-Sep-24,30133441.19,211155621.7,2903623.755,32613497.14,70784173.71,251568156.5,160048420.7,,159307010.8,198936267.3,578039498.2,436404358.1,48100232.12,1293.696116,18454354.19,1009824.601,95714412.46,8562319.796,122737775.6
2-Sep-24,28379351.32,196518139.5,8289022.626,35208792,61963263.05,307060943.7,184221223.4,,119400113.3,211190000.5,846683237.4,334236184.4,43222566.52,10045142.75,6364952.494,1113847.54,125295857.5,9866767.097,128692181.9
3-Sep-24,21042286.25,198643518.6,5695675.702,35451544.39,63700597.63,318719875.1,201290062.9,,144105282.6,202944978.7,854238540.1,393777753.8,34442858.61,620839.4916,10436504.49,935914.9048,98689664.55,15614380.86,138033825.7
4-Sep-24,24007191.85,313568598,6049237.034,49247823.4,127531908,468645465.8,302521502.1,,229689848.3,202046825.5,1275862150,585604333.6,26930935.82,225019.0659,7889683.491,1230446.86,86253046.21,15669296.73,209998025.5
5-Sep-24,20847153.52,207076776.2,6332564.889,26655280.63,89277593.25,309687033.7,200725305.6,,137071489.7,207463119.6,878894865.8,398314343.6,48712517.98,618631.1074,25301597.45,964537.1251,63110638.48,13659006.28,171585883.6
6-Sep-24,39772871,286981240.7,7889879.457,55090830.42,211107809.5,651460060.6,428164116.6,,308468308.3,200364651.9,1433256774,745776947,42186486.57,664765.425,20412333.82,1776383.963,89289409.58,17717300.01,276955536.1
7-Sep-24,26089782.38,186073395.5,3733808.046,31578603.34,65359996.44,186879464.7,130379182.4,,117185650.6,190628684.3,513991172.8,244515756,37367866.44,8151520.899,1535709.961,630787.4194,39259874.92,11857153.27,90681645.88
8-Sep-24,26828109.02,258301155.1,3968322.849,25877691.32,40909519.86,198795628.4,133220860.7,,106019748.1,200966179.1,598642025.4,285492263.2,34052370.1,356024.6909,3227525.995,863079.0955,42798173.84,7350523.913,99031162.78
9-Sep-24,23701186.53,217797808.9,12582683.23,37414738.1,83543720.16,300310715.4,219106283.5,,98958525.7,200815325.5,1074233987,398047216.5,46538704.95,177191.3925,8557139.715,1155547.439,66626794.83,15876403.24,175818695.2
10-Sep-24,17448998.07,186816055.7,2315922.471,34661807.82,42216619.08,191206389.3,132388903.4,,137482149.6,205653689.1,855579277.1,325427369.6,40500517.7,414741.6546,5205916.793,810817.4906,48415472.26,12979005.06,170296846.8
11-Sep-24,29284985.27,214650251,3192298.214,43724068.16,94496003.12,378958742.5,221415628.4,,172987837.2,,1041841158,422142449.9,29389607.55,243087.6601,19079317.98,1334243.171,71778249.3,16234640.38,202905444.1
12-Sep-24,24502128.99,199275792.3,2968470.826,34804542.85,72631696.91,260631556.1,175242794,,98084000.91,,919048081.6,309375424.1,25895487.7,227087.7428,8342520.034,820490.5981,68926543.84,16471005.9,169094528.8
13-Sep-24,23316278.88,203736848.4,2838218.831,37234190.39,68754519.8,314870965.2,210607969.1,,127709057.1,,880311428,403891368.2,47994552.81,37150.46132,12288232.13,902015.7758,73724864.88,15608937.96,233079823
14-Sep-24,17132560.17,189567714,2326052.355,21317600.45,29483388.25,119531060.1,85958999.22,,73507459.72,203370359.3,401818945.8,190013058,48292652.94,774872.6489,5504917.064,372722.3185,40343448.61,14381140.78,105098939.1
15-Sep-24,21817743.48,192988233.1,2042722.928,36204643.25,53087271.35,178261760.1,133493764.1,,107452140.8,215864221.5,567993219.7,238198595.7,44955775.34,39219.51324,6102322.419,718774.3138,50410436.44,16432431.16,118987850.2
16-Sep-24,17067242.89,185639263.5,2394605.546,52939644.36,51184339.28,260500867.1,208776411.2,,168260398.4,210658541.8,1079725569,294308773.9,39646005.47,291657.6067,26130222.83,971081.4495,67659991.79,17248330.98,187903947.6
17-Sep-24,22135949.16,210352192.2,3222613.03,81362794.34,71064442.4,337844993.2,238708525.9,,140396044.6,210556314.9,1028171991,335066383.5,41107931.7,123090.528,15504272.53,1030127.751,89073767.29,18498000.46,207043349.6
18-Sep-24,30910286.11,281879742.8,3086325.999,99066017.47,117170274.2,371124342.3,269788137.1,,158252844.7,,1309839932,464987169.3,42343020.94,207759.9599,32907523.04,1761490.93,128742034.7,26254850.67,206928455.9
19-Sep-24,26321270.18,228262086.9,4109413.176,50440473.14,95541660.23,385661550.2,291283342,,252406820.6,212259081.7,1765212293,511409739.7,43410943.42,588492.3629,45175996.55,1427253.05,179428285.7,39601177.23,195839041.6
20-Sep-24,22525858.88,214136756.9,2565401.891,67986488.41,115730061.9,300099593,230504837.1,,239244330.9,199886046.8,1165148376,561272416.9,20431042.36,71653.09617,12106508.35,1499339.764,77869271.95,30123383.16,228698608.5
21-Sep-24,21970162.91,194299336.6,1546348.819,46363293.2,36075780.32,149995479.1,115676277.3,,99532060.15,204023492.8,456660008,230815812,39608074.06,226604.7208,2512218.466,586417.704,35202310.14,12758938.87,106024889.5
22-Sep-24,33865709.09,209114460.3,4059338.011,46439307.32,65115691.25,180286830.2,131602794.4,,139141201.6,211652300,674166974.3,348397291.1,18764558.07,87883.49176,8335469.752,1131878.127,55145848.76,32335671.06,105269237.9
23-Sep-24,30778001.22,217068838.7,4826647.23,71481622.06,87387801.47,313451076.3,233334859.3,,122433798.3,204641187.5,1436244903,395060503.5,728646.7115,324735.3498,13415316.32,1654423.935,80419153.71,43002997.52,155587146.1
24-Sep-24,20307812.73,228379987.4,5679634.492,79372044.46,158018988.4,330059557.5,248900213.6,,116920840.3,201866245.4,1223418713,464012626.3,35066247,140975.3545,11162655.67,1446827.714,71994696.91,62568083.39,166000873.6
25-Sep-24,12990724.05,213450952.2,3350525.948,73774526.83,94525998.27,228186310.3,174356969.7,,127809402.9,200524045.8,1210127075,393236297.7,48217836.21,75268.41531,5863891.901,1100415.578,95145502.78,34278176.18,109625332.3
26-Sep-24,14138208.05,226296527.1,2776514.763,59923301.58,113534485,386539978.7,292269663.9,,154738590.1,178874185.1,1654793422,612274865.5,38188202.66,59143.77051,8384405.288,1349007.301,72751827.03,61896355.31,125924951.4
27-Sep-24,14365134.47,223555829.2,4270162.34,60136988.36,105739464.1,395041452.7,327757956.1,,198151923,165107185.8,1363885737,486746629.9,62864796.81,334492.2074,6848211.134,923550.6986,47150881.34,72294364.91,116983079.3
28-Sep-24,7794136.626,199343105.4,1454359.818,33093799.58,47489597.09,134646119.5,108999284,,69332317.21,155117380.4,628326348.6,236990528.1,35184142.54,502707.6029,1440294.771,358240.671,31082457.94,24251818.31,60045382.91
29-Sep-24,8394557.535,204125013.7,1658600.841,54316216.4,69841167.63,153187475.7,123208886.1,,88555668.84,158817982.3,568504475.2,339156985.3,16333982.25,138466.3095,906640.8476,509360.5339,182417305.5,27350322.07,72622939.24
30-Sep-24,13624675.73,232734389.3,3984509.357,73601892.55,91681354.74,310681083.9,235738527.2,,165023839.8,185287605.9,1444205724,673446079.8,35166.64616,348843.6368,4674442.292,1339607.074,402441545.9,54734486.01,142294013.3
1-Oct-24,27743284.02,244187597.6,3452861.377,71880887.99,209053942.7,617917524.6,475225510.5,,239952144.1,162193843.8,3034909379,1105563445,66179.78133,283666.9444,5497346.787,2128880.054,258894257.5,53583790.9,175006139.2
2-Oct-24,15333000.6,211067698.7,2310821.308,76964585.84,169869477.3,522107353.4,448944894.6,,144627966.4,175804202.1,1717249927,696899807.1,99.1321246,402793.0564,6690143.699,1663471.326,267098948.9,42541510.62,141795634.5
3-Oct-24,11900149.57,205508309.6,3628487.007,71436463.68,169204602.9,379864406.4,315162956.7,,90152492.83,169482146.2,1955919447,619395436.1,13039.51944,485284.5795,4261482.346,952893.7099,207119029.8,35488310.33,132853910.9
4-Oct-24,9621974.694,217785022,3360258.046,53475523.38,101335352.4,258613036.8,187010954.2,,103058315.7,163779886.1,1098361158,459068791.8,26408.35486,208638.0931,6896923.647,980874.7801,163261359.9,59558958.66,96635959.83
5-Oct-24,6763074.108,186160891.8,1581569.504,20931691.3,51278843.95,95996034.5,72408853.85,,47367615.39,,465453229.2,210379161.8,70358.57607,55140.53742,1611081.784,321112.3122,80011240.59,13497760.37,36247245.9
6-Oct-24,7573293.093,195517009.3,1752433.454,27690713.44,48400856.78,131977257.2,101650766.5,,62213088.07,168823165.8,562984829.5,233987006.4,40553.64261,361916.9208,7774534.267,476015.2455,124440206.4,26806246.14,50177932.03
7-Oct-24,13295936.86,231417038.1,2853897.722,77126756.55,146161376.2,511386900.8,417044254.1,,135152178,178955583.6,1095601404,631281478.3,105213.7594,210802.0965,7133652.424,1541491.83,133534239,71190865.26,129437119.7
8-Oct-24,11854169.54,211316109.4,1846267.801,85232035.48,60864679.62,432325762.8,382016071.7,,135694548.3,155984312.3,1219627843,344115934.5,9812.469164,185151.1541,2408672.74,901477.6605,92461817.23,31260578.37,82126232.17
9-Oct-24,16461588.87,206749339.2,2053152.524,89951879.44,64318854.66,287616515.6,246624213.2,,134328617.8,159825555.5,1066475276,331892819.3,18442.63995,112907.4371,4100225.16,806910.5992,89434672.46,36208749.37,70400728.86
10-Oct-24,14975434.76,208499787.7,1500782.742,79118913.59,79582054.52,299051682.1,256953950.5,,122219741.6,173495612.9,1326546435,415737865.3,15804.28396,179693.8836,4850184.733,808904.8099,105811512.9,49249500.92,63894893.29
11-Oct-24,15351377.35,214979661.1,2312277.161,79265881.1,62101278.12,269808099,219298757.8,,122629659.1,182281940,967339920.9,356551353.8,10969.41557,116107.5133,2010864.193,715152.2325,87878428.17,38202600.93,59371170.48
12-Oct-24,10586751.99,198940258.8,1389280.17,69395390.56,39801374.83,144361981.2,123574782,,82718791.2,170139756.5,490967329.5,213449387,2212.343535,96221.18209,2736611.977,423370.69,62482079.02,26304669.23,39113087.21
13-Oct-24,10665567.51,204291740.5,1593468.2,61578636.27,54244736.75,172253803.4,151276018.5,,103362032.4,153772816.8,567876229.8,333053477.5,48685.66378,31319.12169,1456006.022,725425.3741,83449204.98,30563205.29,41972685.83
14-Oct-24,40101817.55,190859276,3242187.079,98208542.1,146544095,431136035.7,352992384.8,,146571497.6,192171267.3,1275069901,564701449.2,40136.2045,116618.9278,4168079.097,1901094.948,78949798.38,62967382.06,107917051.7
15-Oct-24,49527379.34,189595396.8,2944546.224,125654230.3,205782934,447722917.8,391640409.6,,204590673.7,167490748.5,1727476257,743866799.6,747036.1492,143396.4906,7412858.624,2390795.972,80732607.59,56097612.5,127866774.1
16-Oct-24,42484972.05,166673413.2,2467786.554,114177429.2,132323383.8,328210978.2,280184973.6,,187843830.8,151992296.1,1138274340,365394177.4,27823.53551,169282.7957,4782778.342,830772.0201,54593336.65,41108644.52,91164997.55
17-Oct-24,29661648.35,160575647.5,1648739.379,94568093.95,151719015.4,274253934.7,235644388.8,,99768519.07,186813018,914576071.9,474535241.1,757890.4765,78391.69006,5091230.194,460582.5318,68917446.09,33360507.95,73581576.77
18-Oct-24,37651142.07,167425814.5,1960384.954,87404735.94,80229894.34,307288273,262864302.6,,131877299.2,169151061,1084174626,694411158.2,13915.95704,85340.95039,6316558.648,251618.1304,47038758.07,62565489.99,68231941.07
19-Oct-24,24454509.41,151412240.4,1000988.89,52731182.04,32857933.54,121823141.4,108859630.1,,51005368.08,162856833.8,485409439.6,457260855.9,19564.23356,62156.2566,1746130.658,54395.93747,45178041.58,11964931.1,24904659.14
20-Oct-24,27591562.09,158558619.4,1525889.389,75711000.51,107565176.6,268698409.8,239383828.4,,131400596.4,155910856.3,702403988.3,842378958.5,21812.74838,6473.882522,2342964.083,100823.6037,61694236.61,34964674.12,59539555.44
21-Oct-24,33700235.98,170225774,4136471.167,113071760,206333656.4,414848623.7,371173580.6,,282353107.5,185127404.5,1273261913,1227567760,11517.94582,420834.238,7531299.456,314708.3582,69021425.83,122930384.3,67738050.05
22-Oct-24,31403531.14,170118610.3,8703436.453,90793171.25,176106689.1,368855490,318067104.9,,178241474.4,169599581.4,1216631531,1150533427,31670.04955,337409.615,2773958.443,357766.1897,61327874.87,41746276.72,63724484.11
23-Oct-24,33965863.39,174501541.7,9481147.455,81969946.64,200517964.1,396131542.4,347332932.5,,179999496.4,157263521.3,1253973237,1611006442,184215.5568,19088.27148,3346582.048,474827.5328,276663600.3,47122879.79,67382108.38
24-Oct-24,27640695.64,165017627.8,3786414.403,70505604.39,123856147.9,344867185.6,302503235.1,,178049712.6,170223328.8,934053005.2,997167198.7,12282.69556,299301.8484,3391779.184,273662.9198,60764069.39,94267688.54,55377303.09
25-Oct-24,35725090.64,214765058.5,5971591.927,113233562,261996413.8,616368895.8,569805611.4,,239190525.6,192365760,1763773653,983981566,33927.69011,128800.0848,5714584.624,369100.6785,80851073.61,44933759.46,84936873.86
26-Oct-24,16821058.92,150989073.7,3056026.655,66034954.92,73389661.22,177042882.9,163147563.1,,77060346.76,190546428.6,1498777814,370500610.8,9829.147709,165638.4078,2209822.688,94814.92242,41993551.06,37806717.98,43387995.06
27-Oct-24,27802178.71,149641475.4,2502763.044,56179782.08,69454335.31,256571724.6,234418023,,99299748.51,,441796199,349999710.1,0,83493.68745,1852569.895,82401.76535,47307450.85,28555446.41,23251892.42
28-Oct-24,31612644.2,215013522.1,4260081.087,109142988.7,176105934,423612694,402447970.9,,157335223.1,,1060005471,656008166.3,156474.3987,154767.9259,2548180.267,223049.064,83523312.72,48992433.99,69454657.15
29-Oct-24,39421222.06,236029174.3,6163651.079,124134338.2,173449713.7,560684978.6,560684978.6,,298799729.5,,1407031079,910222240,75781.04236,359834.9627,11536894.17,159181.1954,84885579.83,69670396.04,101610834.5
30-Oct-24,29149967.36,216899073.8,5980764.033,122595302.6,118581109.9,387237161,387237161,,236050447,268290472.9,1144608671,553823070.4,1284126.82,8050430.787,2577887.983,207268.1464,70913061,29504247.98,70467730.35
31-Oct-24,28857058.22,244238372.4,6937614.693,79754885.57,118127266,460185292.7,460185292.7,,120696005.6,286147335.8,1072712548,470415378.1,147950.6625,109894.7572,7560466.532,145800.2945,76073802.46,27327135.06,65713413.48
1-Nov-24,23662648.3,330512363.9,7885166.968,76267431.22,161489115.6,444386836.6,444386836.6,,204379085.7,256663719.1,1493026850,609645636,21931.29761,390281.3032,4709525.223,219954.0378,76369758.58,45762982.11,79879728.59
2-Nov-24,13514002.29,345684044.3,2087570.402,34766137.07,81506175.17,131795940.2,131795940.2,,45765443.41,230694598.8,471737861,231906126.5,6930.25093,403622.4204,1593755.51,88951.38694,45567195.1,16788565.58,18875510.35
3-Nov-24,154766434.5,359741180.4,5848386.501,66953750.11,124718215.3,324405131.4,324405131.4,,176031271.5,199823969.4,837574867.2,440353249,18317.61956,276171.0013,4032753.485,129679.1504,59560004.01,34552264.5,71573100.54
4-Nov-24,20933483.61,353825361.1,6353569.393,88009566.49,86698376.93,315161401.8,315161401.8,,142052736,178533420.7,850202951.6,415841870.5,14011.36183,402339.9481,3274439.474,103033.335,65932254.49,37633875.08,52506635.05
5-Nov-24,19823123.86,350798478.4,5138694.63,83580286.9,78964151.48,329327136.1,329327136.1,,149842859.5,194899679.8,1133999240,463381486,25085.12043,605522.3545,1949164.345,131131.5729,72663087.1,54001967.78,64303098.81
6-Nov-24,40147543.28,534877011.6,11860112.14,159864986.8,388309798.9,1087225318,1087225318,,407475540.1,159190987.7,3138451114,1992513845,134146.5132,1079558.861,15404613.74,204849.0902,109266140.7,177955082.8,191000725.2
7-Nov-24,18533283.61,425808328.2,9929402.935,97745504.37,172874253,473333955.7,473333955.7,,254245088.8,124889189.9,2126242474,1078837729,147848.3637,361389.1598,12788948.45,171559.2042,90185476.42,83083621.03,108082619.1
8-Nov-24,18059774.89,402404813.2,8984558.799,86793552.56,212732072.9,416162383.9,416162383.9,,191288470.4,123253651.3,1614642293,1136031392,39644.35918,452700.1741,7166967.87,304917.4104,83709958.78,91751600.22,75896421.37
9-Nov-24,17501922.06,414497750.9,11536792.9,65875827.86,128693081.6,313048268.7,313048268.7,,196091755.1,122948252.6,1290372133,574504995.2,130446.6826,598181.901,6004044.311,200411.822,84711306.09,89031035.88,63767416.66
10-Nov-24,41547247.72,534235596.2,31453707.49,135441428.9,420518136.4,1065155637,1065155637,,510445413.2,150203010,2165458187,1983371089,41633.06278,861101.8098,23758697.36,366252.986,99926356.45,239201748.7,154885096.9
11-Nov-24,38802361.75,547502972.9,14288091.09,162490523.5,280649913.7,1172130046,1172130046,,652815673.1,129916683,3834964071,1959962195,296937.7069,512173.8674,29607845.41,366543.2271,163552019.9,201106732.7,207180448.9
12-Nov-24,40330448.78,583422781.8,17936154.43,119265568.5,327694738,1184899119,1184899119,,599335920.6,122897099.1,5151861283,2082957285,31512.33893,2245226.63,23184684.82,643769.6681,207502278.1,205580085.9,212723443.3
13-Nov-24,40701818.9,542865180.2,19318654.6,129019738.4,313419700.3,1075832731,1075832731,,624933878.2,126419214.8,5211211667,2000152105,412064.9906,327853.8267,18449922.23,473451.7248,214203949.7,216787620,224129192.7
14-Nov-24,29105651.65,508928835.7,15525804.93,103190511.5,217089688.9,802910391.8,802910391.8,,378413367.6,126306117.9,4304668889,1393604062,64166.40235,1351577.279,12104872.45,239386.0907,203188086.8,143910810.3,144635865.3
15-Nov-24,25857572.15,478825813.2,11696521.66,137920449,168312045.1,595401942.4,595401942.4,,285005731.4,86702302.96,3071789404,1109494549,1012.907421,1242445.488,6987817.703,241276.6745,190605076.9,127717268.8,139444640.5
16-Nov-24,14585726.14,475077504.8,8672615.113,95529888.07,162701171.4,398092395.5,398092395.5,,298147793,130823840.2,1800961097,771756778.2,45825.30088,1122984.531,5436898.387,111926.7825,167796461.1,67507482.73,84778981.58
17-Nov-24,24577513.39,453534520.6,9961433.836,111369778.5,265538738.5,442497863.8,442497863.8,,219901568.4,131365669.4,2123571800,1475694673,567.1789435,273175.6526,3892574.335,116151.2517,139174241.8,186457224.6,105493638.7
18-Nov-24,32141801.79,486385072.1,12305535.32,149574540.7,215539604.2,711598288.8,711598288.8,,320179756.2,115610494.6,2629938255,1513473857,235056.7922,353534.9894,16096850.39,164782.8833,179923585.1,159674249.6,146677058.1
19-Nov-24,43740048.85,520647832,28407663.07,104178614.6,209182548.3,722490829.3,722490829.3,,386707632.9,136313888.8,2171380851,1421768103,246049.7071,564063.4316,14267095.44,277993.2308,201809644.9,136836655.9,124296223.8
20-Nov-24,24086472.74,488726980.9,11327710.37,124105111.6,205034416.5,759347846.6,759347846.6,,366253256.8,122521457.1,2546609973,1163169720,86556.52521,957232.2579,8235135.635,143044.2762,143683382.5,93890338.59,107494656.7
21-Nov-24,32130378.21,561313431.8,16453663.77,102756358.4,257125052.8,956913578.9,956913578.9,,532769447,128078172.9,3606688478,2279992316,81309.31464,2186897.738,25456771.96,675059.2651,135049295.1,180374685.8,172427554.8
22-Nov-24,21142171.31,571729172.8,15061915.28,147440272,262483414.3,842896428,842896428,,323311080.5,127610207,2808609295,1736968189,48456.32232,1402218.726,18863384,499942.4371,121432446.7,129099112.6,117920697.7
23-Nov-24,21852080.12,549370102.4,24457324.81,129901508.4,234286314.3,699615593.8,699615593.8,,260486979.9,132310496.2,2598726778,1585952375,9632.738344,343625.4436,12466600.83,489894.1157,105091298.3,113053362.9,109714901.4
24-Nov-24,21469313.7,498374496.1,28558126.1,140534444.7,292769343.5,657479231.7,657479231.7,,249864674.3,137099256.3,2213001157,885956956.5,2770.486475,729683.8344,9436931.815,337507.5429,104167289.2,96721774,103446677.1
25-Nov-24,28402499.23,525601804.5,27706615.41,194965615.7,317857154.3,893139722.3,893139722.3,,510152508,121586931.1,3274779760,1217355994,277056.2814,712354.6606,19574334.62,835470.1531,131195698.6,145072262.3,150799461.3
26-Nov-24,32540855.2,517572598.4,24207761.63,163520499.1,216586032.7,887995323.4,887995323.4,,270904657.1,144949238,3400858055,1154335626,2155.692377,671721.5507,10091260.36,463075.2694,114186463,80748149.91,122266019
27-Nov-24,28774637.94,551269964.2,14577297.82,225582828.9,181369550.2,626661230.5,626661230.5,,294263421,127818118.4,2214987171,1001028996,63877.65093,272089.1244,14301697.69,484550.6197,109482012.3,79952942.62,122780631.8
28-Nov-24,22779080.57,533277266.1,16320694.53,164016562.9,149292992.8,319451875.2,319451875.2,,244216172.6,126567392.7,1784375774,682604776.5,15079.09178,1382298.176,7698601.78,377007.8947,91974547.9,34675564,68282779.3
29-Nov-24,32873927.11,544788404,26599379.45,129186548,159666971.3,458926839.2,458926839.2,,241168506.3,126855651.4,2765883557,760677011.6,65802.36264,301181.0017,20113470.55,178808.922,101260039.8,67868809.52,58823898.93
30-Nov-24,43154555.29,549337700.5,38669428.49,123201210.9,118743604.6,382136318.9,382136318.9,,187904166.2,123012617.4,2388675368,528854571.9,27159.54604,1105129.204,8364608.206,256189.7086,97057034.96,45671383.19,60113773.91
1-Dec-24,22774156.11,583531774.5,54340727.97,120535341.9,108200297.7,348941459.6,348941459.6,,209312683.6,,2613090014,518639544.7,22415.66252,155437.8041,9061023.273,194651.8098,105857951.6,40854208.5,70362548.57
2-Dec-24,32530341.14,580363402.8,55117670.94,182389756.4,230161087,847024982,847024982,,401871190.1,,5653697353,1140777534,69467.47892,892126.524,36296421.17,435398.3443,115696202.8,145362581.6,132732421.2
3-Dec-24,32748841.39,579144595,34626417.58,210433887.2,219233197.5,928372541.1,928372541.1,,270373184.4,148219424.3,5184872200,1005528014,10591.15258,992504.6763,39458086.57,435744.9001,118568284.5,74724650.52,108237009.9
4-Dec-24,32912859.42,615692953.3,50854821.41,163712405.8,273112831.7,842465391.3,842465391.3,,445695201.5,144048608.7,6544615519,1248277075,24053.53312,992134.9097,30164716.23,543408.599,195479343.4,103650708.7,207338997.2
5-Dec-24,59587517.7,998438856,68789441.34,209181470.5,335463210.1,1517192867,1517192867,,507253578.6,148204519.2,10112676991,2235051003,192504.3453,1904855.933,30463882.21,934743.2594,190213199.8,130726566.3,248338006.2
6-Dec-24,36692213.18,637057184.6,49278729.72,115699263.9,247700639.7,845281912.7,845281912.7,,360595167.4,143666919.4,8030121211,1151243353,266580.3744,1404509.862,8448030.188,326829.8319,153915080.2,79777072.86,127239240.1
7-Dec-24,29511981.08,587569658.3,55193023.42,88099284.16,87545535.63,336423074,336423074,,134209169.5,150249305.7,3044542694,569779106,5182.994698,802261.5168,5627605.534,349164.2449,83657833.92,33469196.53,46246557.52
8-Dec-24,26169488.37,584094092.9,87678076.12,107305346.8,84076636.2,366352011.1,366352011.1,,163833549.4,146940886.5,3388863586,521635697,61967.28606,411968.4785,3949740.191,139973.1198,91809144.07,34052459.63,51902745.23
9-Dec-24,71117996.38,673426278,100811182.9,214321629.1,323684506.3,1281139399,1281139399,,474617384.9,151425520.4,5577035653,1666700721,79979.49712,1035273.365,11611527.62,683397.9824,136002597.2,73877051.97,170632572.1
10-Dec-24,50101022.84,555996137.1,64468507.65,194442286.8,211283216.7,1252871418,1252871418,,398677450.1,151305173.9,10218082715,1497668219,65097.53529,939399.9984,5348835.497,610814.776,124316662.9,50055576.73,221009997.8
11-Dec-24,38401932.18,526660122.6,54118683.3,226051623.8,156367200.8,610936900.8,610936900.8,,325976879.1,149729155,4191196665,884527174,1292.605724,715298.7786,6327765.208,264978.4415,108321955,39331423.9,84856387.24
12-Dec-24,26610873.56,551121336.1,39195032.46,282028373.4,165547581.5,662447338.8,662447338.8,,377014595.1,148628493.1,5163954382,946553761.7,71847.51235,1320519.058,4316236.033,388954.4994,110439195.4,32157637.88,101710641.9
13-Dec-24,13918017.79,542720469.5,31451609.13,219480296.7,116316519.9,403985582.1,403985582.1,,309945362.3,152795459.9,4587557255,628566812.7,2041.893495,145928.3549,3744205.24,234870.2904,100147312.7,37142084.17,58400206.84
14-Dec-24,16555282.35,543215032.9,11294869.47,197996570.3,95388072.74,265889983.4,265889983.4,,215598144.9,152437456.3,3716597727,604490017.1,2937.387538,1050511.308,1728370.97,163648.2706,89686911,15965214.48,54720897.14
15-Dec-24,19548343.31,548877027.2,8681719.01,239615220,96535168.32,284883252.3,284883252.3,,196724505.3,152029303.2,4304450480,708152861.1,948.5893998,109242.5162,3245120.959,157442.9994,84263911.74,23614375.2,60878847.37
16-Dec-24,19209558.41,591313585.8,15994893.71,361154940.4,143341489.8,725452773.3,725452773.3,,443318758.4,154472571.5,6819786375,1172196203,70764.83663,559817.5352,5073629.73,305975.844,68936294.42,39444427.9,105968619.4
17-Dec-24,14435620.08,560647498.2,20381181.13,362314011.1,165365099.2,495171825.7,495171825.7,,361051173.4,158473755.5,6126882868,1116450886,159846.5767,1541365.54,11174425.91,265383.5513,66948513.47,26388982.54,91395972.7
18-Dec-24,24768732.58,884201743.6,17873542.15,371063513,195419559.7,704773543.2,704773543.2,,460684353.4,156460784,9012933575,1326215183,3121.639389,1856370.857,4879597.723,411081.7407,71222933.4,34604534.61,168305616.1
19-Dec-24,29105155.78,1078307563,22182496.81,335677830.4,294998569.2,944122912.1,944122912.1,,677152852.7,155430083.4,12077176832,1893686015,2323.329746,1999624.11,12895195.72,578622.3037,79372882.72,66916580.84,177658677.6
20-Dec-24,39366026.56,1158344930,32102815.6,393432152.6,274208937.1,895973567.4,895973567.4,,663025660.6,166043795.3,10582302912,1587457816,4516.535224,4858651.059,7112638.541,468397.6225,83510347.52,76972199.26,145056641.4
21-Dec-24,11413602.1,501837973.7,27046613.56,312871582.2,135882594.7,435220138.8,435220138.8,,222520808.6,179099574.2,5730219520,851619841.2,2550.366228,835305.2684,6310296.329,252949.5941,61754598.2,38899224.05,61625092.2
22-Dec-24,10161814.37,536575599.7,10761476.86,276114634.2,90897250.98,301608637,301608637,,183548682.4,158910468.1,5158366524,713125012.6,228.262294,106058.3661,3689412.024,134704.9753,60248372.94,28049334.46,52684484.71
23-Dec-24,12071106.39,633556102.6,20205892.02,327002386.5,139195045.4,372713833.8,372713833.8,,363424373,147351452.1,6543498195,946418279.5,7592.6486,10769.87383,3493950.656,238238.4916,61559836.68,27912614.41,100863248.2
24-Dec-24,9990456.822,550046043.8,7030939.051,236612886.7,103746843.5,257619955.4,257619955.4,,200610045.8,145881160.3,4720969081,648591569.5,5617.467817,236245.8726,6854094.306,188687.0957,59989978.49,23888551.7,77005429.37
25-Dec-24,19528735.16,529575266,4990084.61,198139785.6,100129243.5,133468955.1,133468955.1,,194787633.7,154970970.8,3400507336,448931344.7,14572.49866,485388.0854,4928697.042,145540.9065,58542705.61,12091891.12,32931267.77
26-Dec-24,7710321.251,576891001.2,8348810.87,235277611.8,118200112.3,198250126,198250126,,260482758.6,154614445.3,4111556322,619523057.6,10088.56764,443182.8595,3408772.116,119659.8565,57342484.14,15131806.81,82811703.42
27-Dec-24,7014273.711,647665591,6315900.182,225911378.3,91973106.18,175275601.2,175275601.2,,219016734.3,162395097.6,4105864423,638539209.1,10081.98439,122109.1176,300844.6275,161285.0543,53022557.82,15213187.65,70070498.59
28-Dec-24,5131157.616,467693230.8,4572226.673,144561495.1,42280146.54,78964552.32,78964552.32,,215848835.5,160364566.2,2289583101,339332135,3561.454038,125209.4056,335528.2465,94803.23005,45602959.19,6693748.346,36756871.74
29-Dec-24,4649068.607,477061752.9,4823582.815,137775005.1,67542722.78,79618937.12,79618937.12,,217095493.2,160133412.3,2308794346,431438125.1,5347.633967,427.8044698,1216556.376,83840.08326,51896055.87,9102783.398,33282937.75
30-Dec-24,10718963.36,630076866.3,7081111.246,246711346.1,158801477.3,221850951.7,221850951.7,,446321071.7,162871609.4,4964199285,858157343.4,45066.25165,21813.10116,2277324.118,217115.5933,58842070.12,22185982.7,76966396.87
31-Dec-24,7399360.19,559265889.1,4788307.359,223508279.6,118426497.4,178932099,178932099,,204734205.4,161208969.2,3676017743,665590546.4,6643.232883,145509.2061,430002.7881,150891.8393,57501160.75,11728947.69,63563866.42
1-Jan-25,4655810.848,463133691.8,2951409.609,135137506,72071522.94,95131774.77,95131774.77,,115840529.7,162748367.6,2413695154,348990507.6,1288.083681,933608.2004,868999.9473,59175.00459,54172454.3,8439737.392,30721821.76
2-Jan-25,10690037.68,579100486.2,4953558.167,252251034.3,185499167.6,218971353.8,218971353.8,,190371767.9,162378023.2,3913055615,770919280.4,8218.808451,688402.4375,3441425.367,138918.1216,46728878.12,12745157.45,46396916.93
3-Jan-25,7033373.851,520694956.1,6746310.273,254157119.6,168572291.7,259376095.5,259376095.5,,161815247.1,128054012.3,3749710301,673585759.1,1394.889677,414584.7179,2501078.761,120066.5539,43667721.15,15513547.93,35946174.25
4-Jan-25,6579437.991,476675446.3,6935479.454,101362421,80857117.74,133040185,133040185,,192141775.6,164843707.3,2625678244,354740247.4,4511.6535,1742877.851,1888256.07,118143.0971,37771232.29,17807544.4,22691878.89
5-Jan-25,7559922.061,475644784.4,3702094.441,85422231.42,88615764.81,96798905.74,96798905.74,,103890450.2,163865684.3,2323537260,405272827.7,0,26113.93314,1052779.945,111374.9976,36906731.23,14675862.08,18407722.78
6-Jan-25,9597890.415,590730658.7,7418185.902,160182754.6,123163600.1,330332453,330332453,,219490441.5,,4599282773,729314641.3,782.4160947,543191.9286,3620602.615,169527.5725,45483238.15,18223453.25,47764026.02
7-Jan-25,13513913.37,687876742.4,11015383.63,207796774.1,172391054.4,455388273.3,455388273.3,,321613653,165812817.5,7303066149,977911525.7,1646.018087,877994.3632,7164574.49,234196.3906,56343719.45,24305233.16,77209958.81
8-Jan-25,16935210.78,564925568.7,8311731.42,276496258.6,243122720.9,474702446.1,474702446.1,,385704894.2,166776706,6345248520,1005914486,7814.430932,1944834.629,9061468.087,183646.8887,23713707.29,21050814.35,65007910.2
9-Jan-25,13130620.73,507382154.1,7540824.711,266974079.7,163229703.2,430792252.6,430792252.6,,288640517.7,166931701.2,7317405611,1117598234,3502.559206,705590.6063,11743631.66,144280.3934,40563097.44,24962207.14,63687224.81
10-Jan-25,11824290.48,474951620.1,8613146.905,260772438.9,173761497.6,405774214,405774214,,217524279.7,168143725.8,5214491034,620228636.7,1789.272626,1154399.703,3866055.272,111115.4594,41149783.64,13661724.52,61651853.07
11-Jan-25,4519314.667,408749037.6,3311758.161,178782950.6,62530710.42,87845033.41,87845033.41,,133257268.9,166482861.7,2079949400,284705675.7,2409.801255,443780.1559,1251442.612,36236.85326,28591776.36,7052499.337,23858274.47
12-Jan-25,4506706.897,408925521.5,4510170.468,195565059,36468720.64,129837310.4,129837310.4,,87601346.89,168891579.7,2098977732,258883278.9,2234.65833,123308.0589,906650.7647,34618.19906,33456607.57,3458702.737,24827032.85
13-Jan-25,18765309.78,509044474.8,10863324.69,379250891.8,213793456.1,482801407.7,482801407.7,,337871197.9,169449105.3,7810012686,1407635268,2521.563908,1244889.483,5653393.628,171493.4126,53236611.2,23591099.39,112169867.2
14-Jan-25,11508790.13,436421338.8,10165319.19,187283005.6,98390130.32,206042714,206042714,,242231963,179612177.4,4350709185,536957148.6,0,868799.8894,791579.5739,66631.79355,41604868.02,13420727.57,64460579.5
15-Jan-25,14338506.32,490419425.3,14577681.87,216546344.5,118751284,327813892.7,327813892.7,,237281806.7,170594329.1,5441076452,778233962.2,0,279921.1941,4263386.85,117654.2839,49031271.64,30683116.12,64637126.38
16-Jan-25,15430911.77,494823139.4,14327848.97,226046267.2,154831992.7,376040469,376040469,,289032979.9,169368268.1,5861755861,997055836.3,0,1427884.069,3609302.762,170293.5299,49570282.94,28113399.82,71169504.38
17-Jan-25,12926173,502402260.1,27901446.97,189328972.2,244011556.8,483788241.1,483788241.1,,209584033.1,171486096.4,5803404187,1210850428,613.1038629,4031063.688,6025962.486,146203.6281,48662181.11,45671903.9,71995131.39
18-Jan-25,23080654.92,512373893.3,14436290.46,167483532.5,388692442.6,451957248.3,451957248.3,,300301814.3,170008599.4,10131875404,2517802842,655.8496596,690490.7566,1366114.947,179085.8964,52068539.6,45158297.82,97583847.47
19-Jan-25,72860911.54,643338146.5,20636976.65,226782564.8,451582098.1,745601350.2,745601350.2,,511380267.5,172908446.5,17984671268,2861010199,32018.42811,1091678.275,12218929.35,402339.6634,77302936.79,64637554.66,136067315.7
20-Jan-25,48481349.64,884276119.6,30776229.05,268675071.1,323921900.3,902567292.3,902567292.3,,826769630,173219599.2,16594578034,2594973416,43344.06565,1526832.333,18575644.76,490862.5625,71265820.64,40617952.3,189506151.2
21-Jan-25,19562077.29,507286893.8,13514694.49,273421432.6,178229811.4,447918689,447918689,,393697527.9,173121202.3,8559371938,1552916777,159167.4007,855368.3604,21382886.38,139502.7065,23333010.23,30522085.92,77927921.66
22-Jan-25,16474596.22,433730229.2,11780426.94,242396267.8,172696197.2,259564819.3,259564819.3,,343876275.1,174925703.4,5549741175,1425194598,4303.382468,454361.0169,3331781.481,80048.06412,18571801.01,17595584.68,47182071.98
23-Jan-25,17854512.83,639641691.3,15703576.58,291455228.7,255879764,477780940.4,477780940.4,,568990841.3,174986423.2,11499721108,2458380577,506342.4411,6742.146137,14386700.28,181660.1988,20059963.94,40190083.01,91619725.66
24-Jan-25,12454798.17,437492524.4,26281592.22,217063442.6,164810772.1,263595383.4,263595383.4,,530905336.9,,5877924496,1530677988,87857.47322,37052.74302,3025122.743,153561.7575,19836360.71,23804364.9,45748106.05
25-Jan-25,5850625.581,401660247.4,5602637.653,160032938.6,89361595,128912827.5,128912827.5,,134228892.9,177910081.4,3655603958,526904044.5,1143.890715,121781.1391,1280996.421,51573.99175,18658810.44,13624550.81,18917448.96
26-Jan-25,6119641.29,379762995.3,4530056.823,150403635.3,119700281.9,140965578.7,140965578.7,,303211346.4,176391629.2,3827103801,646406396.4,235.4763816,218.9178439,658234.4355,33232.39288,19569012.82,11434518.39,19077569.33
27-Jan-25,17849584.79,500413556.4,11366263.7,248566125.5,288165511.1,520308888.5,520308888.5,,570108258,178592935.3,11158516797,1460250147,2388.031442,1660217.57,4351400.303,191973.1582,20084667.74,58610753.52,71298301.52
28-Jan-25,7154452.361,420265804.8,8469011.878,267923420,186093421.6,260812952.5,260812952.5,,483455465.3,162084344.1,6859781093,750545922.2,18.3523082,820993.4239,3636663.507,87574.03632,20186798.12,26368641.29,36457055.01
29-Jan-25,7929926.528,436950617.8,17929643.21,164445671.6,138433511.1,269191813.1,269191813.1,,316734336.8,177999027.8,7770934705,861054122.8,385.134958,5498.588736,2390779.504,124245.9622,21009282.82,21174837.42,44932508.57
30-Jan-25,8663600.589,398100073,10722754.79,65418340.4,101341591.7,290242624.8,290242624.8,,448781717.4,180079069.8,5531763436,684926962.3,17.50562639,142902.0761,14373779.31,57784.15785,20241410.25,24710112.93,40943340.6
31-Jan-25,7899788.19,406973998.5,12184759.51,139318021.3,159649153.4,299331005,299331005,,798711570.4,179770801.6,7352898099,698322558.1,633.740754,843002.7555,3120437.061,151921.6844,19983984.43,19399675.03,47773772.42
1-Feb-25,8250145.442,384745683.2,9599200.194,147458510.2,128402296.7,202273766.1,202273766.1,,454452022.4,106733315.5,5640570208,692952662.6,1472.759911,979401.0393,1682874.122,129128.3526,18204608.15,16732726.05,28700866.63
2-Feb-25,23836261.94,502744995.7,9612287.42,173691356.7,315778974.3,503079615.6,503079615.6,,652394462.9,105258575.3,9488508832,1390755257,7942.809911,894783.0548,6917190.493,333299.7941,,44053605.34,65248610.38
3-Feb-25,36465752.24,987568487.9,10942690.78,194531375.8,330995791.7,1287920542,1287920542,,817630379.9,105224214.7,18335563531,1900960426,201300.1192,3153920.539,5764894.984,968365.7901,24608152.35,95436984.91,169712674.3
4-Feb-25,16052184.18,510312731.1,6706277.218,111886433.5,213368326,521300903.5,521300903.5,,877548211.3,109038168.3,10439967015,1252697274,347280.8374,1822772.925,11167114.09,233626.9849,24482594.66,53077029.29,65263616.19
5-Feb-25,8543587.68,389485933.5,6489934.25,82231338.93,125836319.3,239634971.9,239634971.9,,719604170.1,104352626.1,5863235069,576020481.2,115929.0668,68153.22725,12589895.72,124760.0493,21215213.22,36014379.84,35738555.89
6-Feb-25,14130045.52,394331322.8,8762220.097,100838835.2,121479777.1,234553998.5,234553998.5,,584562140.8,105669357.6,6082835815,647938021,196591.6444,270621.913,22587246.88,125552.191,19851396.81,39021394.22,48181460.94
7-Feb-25,14148530.43,520498545.6,10787482.25,104990197.5,135597736.3,295630312.2,295630312.2,,426459775.1,101782197.3,6276253072,673110382.9,287277.381,18712.2524,13292371.98,157890.1228,17616611.53,46691197.5,44893753.81
8-Feb-25,9222355.212,337100582.1,3740747.333,106167833.9,87713090.87,110730787.4,110730787.4,,89240053.48,95499968.47,3081838384,350630365.2,384405.1344,242360.8295,7784835.852,128130.4044,17234532.88,22561730.87,23341699.72
9-Feb-25,12199909.9,365662354.1,8030111.253,130054361.1,103616746,156971319.8,156971319.8,,431198742.1,94708204.61,3845680913,521905374.3,560980.8558,200812.1993,4568582.853,57718.53896,17792211.94,19140561.4,28634670.02
10-Feb-25,11163760.79,396237196.5,9269710.743,120401404.1,103453081.6,187619312,187619312,,418782191,94801815.41,5286550897,452875733.2,200427.0504,331058.6957,6486459.78,77485.77175,18364145.37,22199856.23,36231217.93
11-Feb-25,58164546.76,361635588.7,9457564.227,97948241.34,125396682.5,197473992.8,197473992.8,,541345201.5,98455224.84,6736674427,441409923,299100.2923,554892.9438,25157423.28,70475.96403,17836115.22,31912808.65,36638437.19
12-Feb-25,26839372.39,340301155.4,19344174.67,95399950.77,102657870.6,251534195.6,251534195.6,,355069579.4,97961860.95,7698276169,572063665.9,236990.5212,552282.7618,8633228.316,116043.1071,18254704.57,29937097.68,44524629.79
13-Feb-25,11267446.13,312766646.8,12539924.23,75068069.62,74900780,116207999.4,116207999.4,,367478911.5,97643364.71,5320775309,319816489.7,403.0224973,1036997.798,1294190.103,67889.86041,18499147.02,19065665.49,45463571.12
14-Feb-25,11183946.22,331107917.1,14915059.95,88760522.26,96432423.49,140774876.3,140774876.3,,391256588.9,81328386.42,5174704756,388575517.9,0,386244.2627,764756.612,62334.6231,18619941.41,32495561.87,35326676.53
15-Feb-25,7561210.335,350298606.7,4897620.866,90978798.69,72208328.4,60451531.18,60451531.18,,85918483.34,77114262.02,2647587923,190020094.2,675.9117372,75096.68238,479334.9575,23866.64978,17742280.67,19381996.57,17035513.81
16-Feb-25,7797436.025,341762086.7,6126911.159,83670226.15,59097502.47,105028736.6,105028736.6,,85085496.99,77135578.37,2697200349,251715542.7,1192.53623,117246.8043,5180760.582,32466.86607,24130110.05,8423098.667,16105401.11
17-Feb-25,16144889.25,373629794.6,12067184.4,99357340.33,139894187.3,132750210.1,132750210.1,,160689637.9,76831987.47,5409637605,554766150.9,443.5396611,609299.4889,35125418.45,69434.52763,47739516.1,26348373.4,41068813.35
18-Feb-25,15571390.02,378716476.7,8373457.121,100043841.7,202126411.6,174761374.4,174761374.4,,223284430.4,76658162.29,6933951700,759594003.7,4284.964849,1056226.336,6514337.957,79829.73779,50536736.57,32412553.67,34518701.86
19-Feb-25,8442869.825,338061723,8515785.824,86104816.55,114567659.5,116625351.9,116625351.9,,116373793.3,80185207.03,4038482152,431459107.3,778.9225161,705725.4403,358047.9471,59409.91633,40501390.15,15992165,24011450.31
20-Feb-25,15181921.72,355914829,7760274.869,103165089.3,114032954.2,173054840.9,173054840.9,,716423939.9,79763709.33,5244125970,324554206.7,1239.889168,12050.52908,680544.8201,115538.5013,37038139.25,13584501.37,33700424.04
21-Feb-25,28997553.26,413702437,12063137.74,91175883.96,152653675.5,284229971.8,284229971.8,,765551268.4,79385121.99,10457295255,612914379.6,3369.289422,1382924.658,1555738.343,241972.4973,68724682.54,17657550.15,71225608.8
22-Feb-25,13496322.13,359766812.2,4358381.491,68192693.15,51816365.61,90873028.38,90873028.38,,213235053.8,79028593.23,3109877459,202100839.8,0,1012970.842,264299.8964,72736.40851,30663507.7,14843417.25,20067778.42
23-Feb-25,9185437.645,345168732.2,6698322.295,75382124.71,52269485.6,119053959.6,119053959.6,,100196035.5,97461969.72,3671458417,196123655.7,17595.90815,741321.8891,352384.9918,111904.456,34342948.69,12393579.56,20468632.46
24-Feb-25,21510597.6,378542646.3,9027431.925,171255226.1,264195764.5,269491121.8,269491121.8,,558275248.6,86172085.54,9846281037,1031218842,24194.45097,398618.6717,1524362.231,584271.1848,51820282,44454395.04,58483215.96
25-Feb-25,27021386.29,411604485.1,12562840.49,151764417.4,185669480.6,553054511.2,553054511.2,,269294307.7,95166061.07,13465809456,1112478068,3976.359325,7783.43657,5071436.361,915441.8415,60728685.19,41998186.49,78777211.78
26-Feb-25,15464502.43,474862243,10849108.26,117963101.5,117047889.5,411611372.7,411611372.7,,243446936.4,73613737.2,9524724003,768153854.6,2315.618689,11857.45017,3081521.4,235596.3283,67104977.9,52937352.87,55958681.72
27-Feb-25,9634272.027,424293381.5,6593735.515,74879952.31,88919772.63,256881461.4,256881461.4,,133119149.8,78062577.14,7011608639,458370779,0,16883.95024,1378029.47,93433.44098,77501030.73,24736218.04,51724210.32
28-Feb-25,25379046.5,613011043,10607622.26,71685413.86,164021894.2,625701059,625701059,,369993519.1,87660127.77,11245313865,913447605.4,67744.20896,27149.97335,6460006.534,246451.1366,75249564.76,48003148.39,85576623.64
1-Mar-25,11884174.47,432458497.9,4955075.828,111058690.4,81323266.28,141877121,141877121,,400291213,76273443.92,4531354736,381106919.8,0,679.750644,252229.185,42133.61579,42257855.55,21932876.73,24742536.17
2-Mar-25,29032489.37,599301825,10611173.36,108007438,193344161.7,786144956.6,786144956.6,,308475045.5,95870106.04,11385931797,1256553248,0,730.7561189,3273529.867,191714.0392,89702732.58,33790655.36,64805980.07
3-Mar-25,32922215.83,666033430.7,9336625.868,95175904.85,212543781.2,533249247.8,533249247.8,,298248607.4,83935900.73,11965043898,1164285001,360.3736277,19988.59278,3690599.358,212446.3432,92956511.54,68836287.31,59142520.44
4-Mar-25,32371590.26,718153058.1,7667861.423,85491569.01,137275353.7,586127058.3,586127058.3,,355836059,70433829.12,11066704307,872804074,19251.18298,5970.824521,4737219.113,190091.6874,69696925.43,25292125.35,64552623.61
5-Mar-25,16413912.52,439554371.2,5510327.9,126777463.8,80864974.75,252671854,252671854,,113513871.7,85620858.36,6564291955,531718683.4,0,7657.263119,2310615.599,104226.1067,63467681.61,11274669.08,44092804.77
6-Mar-25,13310181.08,403014250.5,10299869.13,95715861.39,91331016.08,261971877.7,261971877.7,,151648421.9,123018474.1,7098304543,576135386.1,23367.30417,585.7497093,2871555.263,136285.1314,80974659.64,11941000.54,44882496.76
7-Mar-25,20760770.54,515096481,8701635.65,64281394.34,134091323.8,701549751.6,701549751.6,,248338787.7,86321333.63,10477394033,942838956.5,16002.84318,25639.25738,3810495.309,149029.6277,75391792.06,17128185.04,72135354.04
8-Mar-25,5121925.506,362507250.4,4025822.421,66352560.14,50491958.22,177171558.6,177171558.6,,58659032.72,93367974.42,2771974962,283638392.2,8998.65957,2137.156354,401873.5146,149827.1414,38344875.05,3981195.649,14849229.02
9-Mar-25,9379369.633,321839075.9,13827241.45,73034811.4,85957299.97,314668532.9,314668532.9,,205052811.2,80010794.97,5530861557,530861064.2,584.7629395,,1596872.644,104691.8501,64979128.15,18189944.08,26911611.96
10-Mar-25,17036128.96,354264900.4,14415171.51,71467814.41,133894247.4,641859339.7,641859339.7,,219297859.9,103532865.2,9831965343,645181629.2,29778.13406,60184.2878,1628527.33,247686.2024,91134819.59,28342496.09,47981068.49
11-Mar-25,18707671.1,362366252.4,6548917.223,55764398.18,144823725.6,490641081.1,490641081.1,,162204937.7,87569947.69,8396877186,417349924.8,32176.04071,54188.479,623228.1729,307146.5101,63715023.57,15652622.03,39257692.89
12-Mar-25,12832849.15,332471822.7,10825288.53,65011298.04,109325036.7,300433181.3,300433181.3,,161604945.6,63564549.43,7565556377,272016318.3,20691.43508,59381.73584,513600.8825,190252.3998,63783068.84,13283318.2,38948310.52
13-Mar-25,7230832.573,323460203.2,7402359.822,50498199.53,91690068.19,194928215,194928215,,449846686.7,53949280.46,4938402534,236374917.5,4703.312407,43160.41061,201850.7794,108763.9932,60918685.77,12600148,33468682.03
14-Mar-25,6340854.477,314902154.2,7977815.538,50363930.34,81074530.49,154070107.4,154070107.4,,160953898.8,105992864.8,4336512591,211592943.8,712286.4557,59390.91704,677009.1226,62494.59492,53924918.79,12649123.45,29194635.41
15-Mar-25,5100794.699,300667415.1,3977198.122,72453097.49,44678188.5,95452419.29,95452419.29,,280241003.5,,2194773761,103409590.6,102472.8388,11882.88198,874785.7007,30077.83113,32478907.86,8768676.981,13031950.14
16-Mar-25,6423214.819,320525628.8,10516995.32,87607815.13,78197576.81,127935833.5,127935833.5,,145962761.3,53600647.92,3723771622,214517502.9,449937.0616,30387.98563,5456710.529,58549.38273,49596082.99,7840248.2,22379069.95
17-Mar-25,5379324.185,316433893.1,8770870.09,110384487,92873033.54,167537245.8,167537245.8,,70963086.93,51757100.26,3786789360,160992006.9,174925.512,6847.475486,381690.833,66037.57389,48291632.12,4888194.531,34007048.98
18-Mar-25,4797360.942,340344376.4,7449246.424,86035593.78,106661253.6,150542648.7,150542648.7,,135304652.7,63650514.66,4981072717,205955974.3,671291.9604,,1591871.502,94211.5376,41530087.32,6810705.249,31358980.23
19-Mar-25,7011941.996,371594954.9,8436954.67,57527299.11,171832531.3,267008049.8,267008049.8,,175282658.9,61064640.19,6071775998,414190541.8,1187813.87,950.880811,312325.1777,55943.62237,55256780.95,7570024.733,40403772.99
20-Mar-25,5124204.033,339261762.7,8524053.128,51985765.63,96036695.11,136579156,136579156,,155386879,91642476.59,4882453142,240507135.2,1634783.201,113863.5201,433023.961,40574.92094,45092671.03,5957724.671,27606890.25
21-Mar-25,4698388.183,319220830.2,8744744.113,87621498.97,55684653.87,112602064.8,112602064.8,,78153223.54,74834041.6,3631671797,235404562.9,1850965.975,129291.1286,221247.3138,38194.39114,42275211.65,3240144.526,17920265.63
22-Mar-25,2885637.903,329744472.4,3988726.72,41717950.16,38668990.11,47248734.26,47248734.26,,54462224.85,47213877.12,2096306497,71559312.62,3435999.994,,145611.0193,20386.59322,37424242.19,1040008.023,10511164.85
23-Mar-25,3856161.939,376411643.5,2663054.599,43501813.25,37598110.38,70860912.82,70860912.82,,66054640.26,87988348.02,2511224178,139802385.1,5820420.1,,209776.2699,18672.06524,57524027.74,3326706.301,10512884.58
24-Mar-25,7758285.175,339045711.4,14113064.85,74406987.21,123727708,145404561.8,145404561.8,,160378184.9,47899305.2,5236514695,402933547.6,6180659.179,73740.755,629290.4679,43923.16696,93162442.87,6948108.25,31725591.55
25-Mar-25,11492237.71,361178225.1,15045764.47,76780709.28,116739944,126688362.8,126688362.8,,141328726.8,49822343.15,4008324996,253842954.7,7818870.589,3009.540621,457157.2825,27922.08915,114812628.6,6104535.48,31917336.39
26-Mar-25,8961170.593,378397622.9,15411864.57,95847357.38,143636272.3,126619689.3,126619689.3,,145572703.1,35402688.88,4935082204,284144383.8,102938.135,372.4137931,391206.1561,30650.68226,122034615.3,7153106.939,26719160.62
27-Mar-25,6179615.588,402176171.6,5470208.211,99047891.28,69661043.37,118907343.4,118907343.4,,86210475.98,39813477.12,3055120633,193532207.8,102938.135,50474.64452,339454.7073,23166.77125,115854414.2,2927681.724,24380300.05
28-Mar-25,8309895.43,442439577.4,11694328.37,122013775.2,139848915.8,173122996.6,173122996.6,,161910960.6,28508927.22,4804579858,402264848.1,0,42523.37722,355650.4328,80481.49943,112365306.9,5078839.886,43122640.42
29-Mar-25,3751660.98,428744194.1,55515421.1,112712430.3,70940805.38,101365814.7,101365814.7,,162688617.9,47846718.65,3388164943,253582822,191.3664551,54725.85704,3224174.629,80583.89807,100017694.3,3526388.532,23290136.35
30-Mar-25,4142626.679,432345170.7,19292139.46,121377710,69363184.27,89548157.63,89548157.63,,91693027.84,32581603.99,2824921283,218073787.7,23.68287061,29554.55299,191723.1712,78583.05084,100619291.7,2960105.785,22532343.6
31-Mar-25,4882187.397,356086205.1,34626030.02,118170311.9,93224776.38,183959466.8,183959466.8,,191646414.6,31439419.78,5877780256,256309233.6,26.302958,15909.89585,1183333.768,111771.3736,127507670.2,9331517.251,37248904.75
1-Apr-25,4527416.15,358218742.5,57317776.37,64934749.69,93485163.86,167573034.7,167573034.7,,189367203.4,29992151.98,5091842155,285973050.5,0,17582.71215,1295477.62,74005.27291,151065157.7,22195073.15,46505048.15
2-Apr-25,8651217.238,402233721.7,495790739.5,105688622.7,166867972.3,304893199.9,304893199.9,,299774674.1,20266356.57,8258209912,465891380.4,0,65983.36969,580426.853,169219.1985,249474836.2,26249089.48,72512038.05
3-Apr-25,7138477.674,331655450.5,14805619.95,108694989.6,136130882.8,219555738.6,219555738.6,,321287507.5,19845447.03,6049789771,331367387.3,33.43336816,270340.2585,19861633.32,136307.5615,177345531.9,9881597.854,42478437.3
4-Apr-25,6904727.23,347806610.1,13505380,107415211.8,186432270.9,293494552.2,293494552.2,,210231174.6,17986570.41,7880771187,388825331.8,0,119507.646,2713333.179,154445.3001,278804686.5,11492615.54,46948000.23
5-Apr-25,4911636.951,405299715.5,8389888.119,74817214.17,78406143.19,67183300.71,67183300.71,,94855639.91,16773523.8,2473446744,132145109.7,0,1507.800396,71526.63236,34117.57245,115986894.8,1844010.945,16755795.09
6-Apr-25,10992192.43,388908527.1,17462658.54,91447661.12,172945281.9,252812995,252812995,,302953992.5,19271921.15,7686448197,605292089.6,10.71256664,397.3966619,15063643.59,355514.7477,278706640.9,16455220.81,44437481.85
7-Apr-25,18932890.71,482539864,52322850.74,111622269,275760101.8,516435708.4,516435708.4,,583164075.6,25258746.27,13564892858,752871923.1,1361.879298,193798.1506,22559029.41,638367.1393,394458592.4,33292628.91,85337815.42
8-Apr-25,7951830.415,269397687.2,17516227.95,91356966.3,145321239.5,242411206.3,242411206.3,,605226414.2,33091171.63,7827351184,324217609.1,72.81859567,52289.58749,4900390.713,210059.2568,259690514.2,14986132.54,49205004.29
9-Apr-25,12073069.06,371060293.4,15032929.84,97721705.14,204376979.7,430826831.1,430826831.1,,930747896.2,18353196.69,12701134037,563829363.7,0,37677.55574,17949792.34,349384.9178,337153718.3,22858198.16,65411439.82
10-Apr-25,13055753.47,251647161.8,11736928.75,77512568.28,99368439.81,193744979.9,193744979.9,,704949307.3,17098812.02,7394696245,346052307.7,0,101738.545,2352457.555,189330.1567,206531701.3,26320925.1,45321609.31
11-Apr-25,8583352.571,278866855.5,9789503.48,81176064.22,119164511.5,244072593.8,244072593.8,,368572059.5,14075321.85,5731433122,327722948.9,0,,997133.6173,90441.64292,182468385.5,14339594.29,44317575.53
12-Apr-25,6129942.746,309788923.4,14371987.19,73825305.06,124020304.5,177560444,177560444,,336556337,3866941.79,5070750548,323770090.8,0,,3771572.983,74693.82445,168490694.2,11260249.11,30838584.43
13-Apr-25,5891644.358,328372885,10987507.41,76716393.75,103412167.8,218966063.1,218966063.1,,1031681709,17836226.9,6333385443,276251414.1,0,,11854016.3,87943.53996,180559732.5,8640677.802,39137266.88
14-Apr-25,6478714.562,281138678.9,17882976.11,50933998.19,147980512.4,309672906.9,309672906.9,,203119426.6,18060295.73,6316586608,280365552.5,0,1390.274668,430245.417,102803.1676,166286568.4,8009580.471,39184456.63
15-Apr-25,6463340.359,231367729.8,29804181.56,43184819.34,117324057.6,,119267862.2,,126420567.7,11163430.46,5825375966,252079020.4,0,,222565.5297,64505.52683,168093610.4,13539158.77,32954822.09
16-Apr-25,7408841.329,235526389.2,37915755.54,52068469.01,136414361.3,,209240383.8,,162619688.6,16218897.97,6982591375,315245588.7,0,10411.96943,135791.2959,110257.565,181877304.9,8951941.325,36392683.63
17-Apr-25,6011692.941,354559340.5,30155405.09,56292385.91,88586871.41,,114820475.8,,142870270,15610560.59,,252456531.7,0,,40420319.35,87124.89758,146974195.9,10277700.37,26632212.96
